timestamp,tx_type,received_amount,received_currency,sent_amount,sent_currency,fee,fee_currency,comment,txid,url,exchange,wallet_address
2022-04-04 19:42:56,_UNKNOWN,,,79.00201644,SOL,,,,v8YT7fJyCBRZSyBy195hu755Ck2sBCLVcNwJ72F13d3E7pNdkQi2nAE5GDx7BsAKhm54TCu9mP2vePZnY97nURV,https://solscan.io/tx/v8YT7fJyCBRZSyBy195hu755Ck2sBCLVcNwJ72F13d3E7pNdkQi2nAE5GDx7BsAKhm54TCu9mP2vePZnY97nURV,solana_blockchain,9Be37npkkAwpwPzjLnDKt6opz5fSuYHriykYXyMeAyad
2022-04-04 19:35:32,_UNKNOWN,80.00200644,SOL,,,,,,QhqPo4MGanbBnNVRNRFtKBjyaKZsY1Uu28qD4HSgYopJfGjjmgCqSryNfNS28yewGhqkT6j2HrEeMkYENuoD116,https://solscan.io/tx/QhqPo4MGanbBnNVRNRFtKBjyaKZsY1Uu28qD4HSgYopJfGjjmgCqSryNfNS28yewGhqkT6j2HrEeMkYENuoD116,solana_blockchain,9Be37npkkAwpwPzjLnDKt6opz5fSuYHriykYXyMeAyad
2022-04-04 19:34:28,_UNKNOWN,0.00200644,SOL,,,,,,4GcDezx6FbezuPeDXi4xxgLFPFLS8KWQK6hT7vvi3CCpKzfMsuTeQ9R38JxC9NUApmPATCwvCjvrnBofdZPdBzZn,https://solscan.io/tx/4GcDezx6FbezuPeDXi4xxgLFPFLS8KWQK6hT7vvi3CCpKzfMsuTeQ9R38JxC9NUApmPATCwvCjvrnBofdZPdBzZn,solana_blockchain,9Be37npkkAwpwPzjLnDKt6opz5fSuYHriykYXyMeAyad
2022-04-04 12:15:58,_UNKNOWN,1.0,BPqzd2xSp5d5dYWz4ZpYoCBD21PHSHtoxHbzwZYKtC8z,219.99771711900001,SOL,,,,59Zqu6pqxGFsEN96ZL29KoZgvjk9deAgRB3d9hAk9HRQZVaBJ87AWqzFXrHYigVACHi1tTKzMGFk5oKYZt6B3qZw,https://solscan.io/tx/59Zqu6pqxGFsEN96ZL29KoZgvjk9deAgRB3d9hAk9HRQZVaBJ87AWqzFXrHYigVACHi1tTKzMGFk5oKYZt6B3qZw,solana_blockchain,9Be37npkkAwpwPzjLnDKt6opz5fSuYHriykYXyMeAyad
2022-04-04 10:53:04,_UNKNOWN,,,0.006376439999996819,SOL,,,,3xcfDDXDTTtJCBHxK4nqaQj9kSnEhfLyTcUx9eARp2zz2xResohABsvJ62KPpETp5BKnjryDytzMd2jBgsfsGjXY,https://solscan.io/tx/3xcfDDXDTTtJCBHxK4nqaQj9kSnEhfLyTcUx9eARp2zz2xResohABsvJ62KPpETp5BKnjryDytzMd2jBgsfsGjXY,solana_blockchain,9Be37npkkAwpwPzjLnDKt6opz5fSuYHriykYXyMeAyad
2022-04-04 00:06:33,_UNKNOWN,,,0.006376439999996819,SOL,,,,4FWHCHVgs6YEt9DAWMsgrAgJFgU9AVDhjbpga4LMai1fhm9TcfFJo1doJUmSa176q7Ln6d2EvgcuNiM3NzPNb47R,https://solscan.io/tx/4FWHCHVgs6YEt9DAWMsgrAgJFgU9AVDhjbpga4LMai1fhm9TcfFJo1doJUmSa176q7Ln6d2EvgcuNiM3NzPNb47R,solana_blockchain,9Be37npkkAwpwPzjLnDKt6opz5fSuYHriykYXyMeAyad
2022-04-03 19:53:35,_UNKNOWN,,,90.00455684,SOL,,,solanart,49tVxs68X6vnekF1R8YLHoGjwDJXoWPkwwLQE9ghL4CwALJjUVPkJ1LfgBbt3WRvm2jEQQsx8Ch1iFSPTt28bty6,https://solscan.io/tx/49tVxs68X6vnekF1R8YLHoGjwDJXoWPkwwLQE9ghL4CwALJjUVPkJ1LfgBbt3WRvm2jEQQsx8Ch1iFSPTt28bty6,solana_blockchain,9Be37npkkAwpwPzjLnDKt6opz5fSuYHriykYXyMeAyad
2022-04-03 19:47:30,_UNKNOWN,1.0,F3uAXwKbWtN96GMff7VvEhWm1vDr3wQsn2d7jjyD23d7,,,,,solanart,q7xe1uW2ZxMdG9wxvBGS6GQER1SvWK5kaKneucSTzAmVFfgEUGwyjjSs9aszAkNerU8rJxNSh7hLL7JnAEyc1Yb,https://solscan.io/tx/q7xe1uW2ZxMdG9wxvBGS6GQER1SvWK5kaKneucSTzAmVFfgEUGwyjjSs9aszAkNerU8rJxNSh7hLL7JnAEyc1Yb,solana_blockchain,9Be37npkkAwpwPzjLnDKt6opz5fSuYHriykYXyMeAyad
2022-04-03 19:47:30,_UNKNOWN,0.00251256,SOL,,,,,solanart,q7xe1uW2ZxMdG9wxvBGS6GQER1SvWK5kaKneucSTzAmVFfgEUGwyjjSs9aszAkNerU8rJxNSh7hLL7JnAEyc1Yb,https://solscan.io/tx/q7xe1uW2ZxMdG9wxvBGS6GQER1SvWK5kaKneucSTzAmVFfgEUGwyjjSs9aszAkNerU8rJxNSh7hLL7JnAEyc1Yb,solana_blockchain,9Be37npkkAwpwPzjLnDKt6opz5fSuYHriykYXyMeAyad
2022-04-03 18:55:45,_UNKNOWN,,,0.006376439999996819,SOL,,,,Fp7RvX9HKxtiq8RxcrV1XicnEkYeDvFzm6VaxjJDVsVeYiApFY8H2SdZtM2tjYzPw7WBPArGbbhNygou4PV8Fjw,https://solscan.io/tx/Fp7RvX9HKxtiq8RxcrV1XicnEkYeDvFzm6VaxjJDVsVeYiApFY8H2SdZtM2tjYzPw7WBPArGbbhNygou4PV8Fjw,solana_blockchain,9Be37npkkAwpwPzjLnDKt6opz5fSuYHriykYXyMeAyad
2022-04-03 18:43:48,_UNKNOWN,,,90.00455684,SOL,,,solanart,1KcBjTNTEHRSmGCtYpRtwRma4u5z3oPf5Jmd4qcdPp72mU2ExDRx6oAUXdWgwTkC8fWVQvQBmUnXWhM5Vmc5S22,https://solscan.io/tx/1KcBjTNTEHRSmGCtYpRtwRma4u5z3oPf5Jmd4qcdPp72mU2ExDRx6oAUXdWgwTkC8fWVQvQBmUnXWhM5Vmc5S22,solana_blockchain,9Be37npkkAwpwPzjLnDKt6opz5fSuYHriykYXyMeAyad
2022-04-03 18:39:00,_UNKNOWN,85.00200644,SOL,,,,,,T8TLfWYhe2MBZph7kVjqNJFwnDEEQKvfHeBa6p6q6mAUJot9hXhYTNknF3AbCWHAjhQccZNgwEZnoQN768nQBGv,https://solscan.io/tx/T8TLfWYhe2MBZph7kVjqNJFwnDEEQKvfHeBa6p6q6mAUJot9hXhYTNknF3AbCWHAjhQccZNgwEZnoQN768nQBGv,solana_blockchain,9Be37npkkAwpwPzjLnDKt6opz5fSuYHriykYXyMeAyad
2022-04-03 18:37:25,_UNKNOWN,0.00200644,SOL,,,,,,3GnUK791cx7i2VZ2tmtehVj5E3EXVMAsvbVqUd8vyEbefA2JPXabmb2YAY1yvcXGDpbVRVsYGN652Nh8bMxRZbi,https://solscan.io/tx/3GnUK791cx7i2VZ2tmtehVj5E3EXVMAsvbVqUd8vyEbefA2JPXabmb2YAY1yvcXGDpbVRVsYGN652Nh8bMxRZbi,solana_blockchain,9Be37npkkAwpwPzjLnDKt6opz5fSuYHriykYXyMeAyad
2022-04-03 04:50:30,_UNKNOWN,1.0,FnSacV1CRZJrodJvFUURfNVhwA7BNmew8vcMNLQxjese,,,,,,myRnKHkpV6w5qJfMHhPX1auKeWrjLxcQYaNNXRcs8tM4HLH2xFMLvJBL8BHFYijvmY5kSqQozGQMRmnnJBehA1p,https://solscan.io/tx/myRnKHkpV6w5qJfMHhPX1auKeWrjLxcQYaNNXRcs8tM4HLH2xFMLvJBL8BHFYijvmY5kSqQozGQMRmnnJBehA1p,solana_blockchain,9Be37npkkAwpwPzjLnDKt6opz5fSuYHriykYXyMeAyad
2022-04-03 04:50:30,_UNKNOWN,0.00201144,SOL,,,,,,myRnKHkpV6w5qJfMHhPX1auKeWrjLxcQYaNNXRcs8tM4HLH2xFMLvJBL8BHFYijvmY5kSqQozGQMRmnnJBehA1p,https://solscan.io/tx/myRnKHkpV6w5qJfMHhPX1auKeWrjLxcQYaNNXRcs8tM4HLH2xFMLvJBL8BHFYijvmY5kSqQozGQMRmnnJBehA1p,solana_blockchain,9Be37npkkAwpwPzjLnDKt6opz5fSuYHriykYXyMeAyad
2022-04-02 22:21:56,_UNKNOWN,,,144.00201644,SOL,,,,64vv1NqPCgHbRqag4VDrcAgf2rpCLAMy9gCMKrAYSqX8KEhjajKBFc54Sexa1scqu4hFVjxbqzQ81GPK3ad4PRFa,https://solscan.io/tx/64vv1NqPCgHbRqag4VDrcAgf2rpCLAMy9gCMKrAYSqX8KEhjajKBFc54Sexa1scqu4hFVjxbqzQ81GPK3ad4PRFa,solana_blockchain,9Be37npkkAwpwPzjLnDKt6opz5fSuYHriykYXyMeAyad
2022-04-02 22:09:05,_UNKNOWN,,,,,0.00201644,SOL,,5teXcAZYKKLVrENxc7E4NsZhkvFEdarxXEizV17ABQtFHmMq8wVVTDZedhhLs9gCp2XeUSxeMn7vu8ZCgkceQtNJ,https://solscan.io/tx/5teXcAZYKKLVrENxc7E4NsZhkvFEdarxXEizV17ABQtFHmMq8wVVTDZedhhLs9gCp2XeUSxeMn7vu8ZCgkceQtNJ,solana_blockchain,9Be37npkkAwpwPzjLnDKt6opz5fSuYHriykYXyMeAyad
2022-04-02 22:04:14,_UNKNOWN,,,85.000005,SOL,,,,R53eGE6DjipE7BghEnKQvnBnPkCqxxYJFELiYRFkihDyfGG1oaRQcycJ5kqMGx6uiicLgnFD1CEf2f4YsTDHsoL,https://solscan.io/tx/R53eGE6DjipE7BghEnKQvnBnPkCqxxYJFELiYRFkihDyfGG1oaRQcycJ5kqMGx6uiicLgnFD1CEf2f4YsTDHsoL,solana_blockchain,9Be37npkkAwpwPzjLnDKt6opz5fSuYHriykYXyMeAyad
2022-04-02 22:01:41,_UNKNOWN,1.0,AB7F9tCCG4Ub1bsk8BGUPtJBsRLzi7nYGVf1mmsSfGFQ,,,,,solanart,3qCqZnMvR5e9JGpxdvCUwtsJMAqbw2m3eWCtQduncRdfSqzWsVnbtMqsecsXtZUKaHxUHQDMkFnR2NQ7pggCZHRG,https://solscan.io/tx/3qCqZnMvR5e9JGpxdvCUwtsJMAqbw2m3eWCtQduncRdfSqzWsVnbtMqsecsXtZUKaHxUHQDMkFnR2NQ7pggCZHRG,solana_blockchain,9Be37npkkAwpwPzjLnDKt6opz5fSuYHriykYXyMeAyad
2022-04-02 22:01:41,_UNKNOWN,0.00251256,SOL,,,,,solanart,3qCqZnMvR5e9JGpxdvCUwtsJMAqbw2m3eWCtQduncRdfSqzWsVnbtMqsecsXtZUKaHxUHQDMkFnR2NQ7pggCZHRG,https://solscan.io/tx/3qCqZnMvR5e9JGpxdvCUwtsJMAqbw2m3eWCtQduncRdfSqzWsVnbtMqsecsXtZUKaHxUHQDMkFnR2NQ7pggCZHRG,solana_blockchain,9Be37npkkAwpwPzjLnDKt6opz5fSuYHriykYXyMeAyad
2022-04-02 21:51:19,_UNKNOWN,1.0,DNrcDSv81K1SL3akCHdkeWGWTFLuA7FW257jN9wuaeKP,,,,,,5GxFYzK1Ybnd5de5WmsGApvRP1ZfM8Fj91xhcE9TaSwpKjQNVBKYSSytUD7P1W1wKrZ4hjWfHfPJQkfWQYMDwax1,https://solscan.io/tx/5GxFYzK1Ybnd5de5WmsGApvRP1ZfM8Fj91xhcE9TaSwpKjQNVBKYSSytUD7P1W1wKrZ4hjWfHfPJQkfWQYMDwax1,solana_blockchain,9Be37npkkAwpwPzjLnDKt6opz5fSuYHriykYXyMeAyad
2022-04-02 21:51:19,_UNKNOWN,0.00201144,SOL,,,,,,5GxFYzK1Ybnd5de5WmsGApvRP1ZfM8Fj91xhcE9TaSwpKjQNVBKYSSytUD7P1W1wKrZ4hjWfHfPJQkfWQYMDwax1,https://solscan.io/tx/5GxFYzK1Ybnd5de5WmsGApvRP1ZfM8Fj91xhcE9TaSwpKjQNVBKYSSytUD7P1W1wKrZ4hjWfHfPJQkfWQYMDwax1,solana_blockchain,9Be37npkkAwpwPzjLnDKt6opz5fSuYHriykYXyMeAyad
2022-04-02 20:13:06,_UNKNOWN,,,,,0.00201644,SOL,,4D4UjVfqQrgb25VUoQaiKxo7ncDd3Xo6SS7vRnZpgiVVhkQYwdnjt7rxD9YhXH4bevzJVkaoVTQLSrxyguHqSR6d,https://solscan.io/tx/4D4UjVfqQrgb25VUoQaiKxo7ncDd3Xo6SS7vRnZpgiVVhkQYwdnjt7rxD9YhXH4bevzJVkaoVTQLSrxyguHqSR6d,solana_blockchain,9Be37npkkAwpwPzjLnDKt6opz5fSuYHriykYXyMeAyad
2022-04-02 18:51:02,_UNKNOWN,,,96.00455684,SOL,,,solanart,5UC5VM9FVJpasEeEQcTbpfN8at9XhXy31PZhFHif4mwv5Jq9UKt7L4Uvk3SYzq5YeCRuZvZXPN5i3PqEAc9MhK8e,https://solscan.io/tx/5UC5VM9FVJpasEeEQcTbpfN8at9XhXy31PZhFHif4mwv5Jq9UKt7L4Uvk3SYzq5YeCRuZvZXPN5i3PqEAc9MhK8e,solana_blockchain,9Be37npkkAwpwPzjLnDKt6opz5fSuYHriykYXyMeAyad
2022-04-02 18:46:30,_UNKNOWN,,,,,0.00201644,SOL,,8X25xSLXwxr7exJgCnr9SMBv9QpHiKvtZb9bJwYW9ajKLo3CbXQJgNnoX6QsFVPcxtmcRMuCn4tAiNzUGzTTrGv,https://solscan.io/tx/8X25xSLXwxr7exJgCnr9SMBv9QpHiKvtZb9bJwYW9ajKLo3CbXQJgNnoX6QsFVPcxtmcRMuCn4tAiNzUGzTTrGv,solana_blockchain,9Be37npkkAwpwPzjLnDKt6opz5fSuYHriykYXyMeAyad
2022-04-02 18:45:16,_UNKNOWN,,,96.00201644,SOL,,,,3ZNfLp6z2UYMpc1UmMUKwmyUahowPW6oD5tkZ8zAWkwXLyHxCiTn4Dm9S2vb47aRJBH62cXKut6xbWkzttUfGkU7,https://solscan.io/tx/3ZNfLp6z2UYMpc1UmMUKwmyUahowPW6oD5tkZ8zAWkwXLyHxCiTn4Dm9S2vb47aRJBH62cXKut6xbWkzttUfGkU7,solana_blockchain,9Be37npkkAwpwPzjLnDKt6opz5fSuYHriykYXyMeAyad
2022-04-02 18:39:12,_UNKNOWN,,,0.006376439999996819,SOL,,,,wfMfkGy22WgNFU1KVWEn6TNohT8TM5TCNHaHt7rAHscbafuKZVyg2Q6RnCjApEK636ZTsge15WQfxSUEkd6tsXm,https://solscan.io/tx/wfMfkGy22WgNFU1KVWEn6TNohT8TM5TCNHaHt7rAHscbafuKZVyg2Q6RnCjApEK636ZTsge15WQfxSUEkd6tsXm,solana_blockchain,9Be37npkkAwpwPzjLnDKt6opz5fSuYHriykYXyMeAyad
2022-04-01 22:12:21,_UNKNOWN,,,,,0.000005000,SOL,,3KuzMx3v9yLGDxQEe85wvhN6jJb2KQeFwZokov5ZJqJirfGonXdMQr6pn7G4SEPNY4VExsd99tHsj7Y9MUZQjjnn,https://solscan.io/tx/3KuzMx3v9yLGDxQEe85wvhN6jJb2KQeFwZokov5ZJqJirfGonXdMQr6pn7G4SEPNY4VExsd99tHsj7Y9MUZQjjnn,solana_blockchain,9Be37npkkAwpwPzjLnDKt6opz5fSuYHriykYXyMeAyad
2022-04-01 05:49:58,_UNKNOWN,0.00200644,SOL,,,,,,5z2vmAurcwhrZyoPGpWa9YMbH2Tkw2AyLid9R7uyQzhrcapmBhBMFRthvxs9vnq2mtSFp4gmh5wDqWbNoeesF4Ds,https://solscan.io/tx/5z2vmAurcwhrZyoPGpWa9YMbH2Tkw2AyLid9R7uyQzhrcapmBhBMFRthvxs9vnq2mtSFp4gmh5wDqWbNoeesF4Ds,solana_blockchain,9Be37npkkAwpwPzjLnDKt6opz5fSuYHriykYXyMeAyad
2022-04-01 05:44:32,_UNKNOWN,0.00200644,SOL,,,,,,4KVR7e3zd6sk7as2u6AbYuEvjhmJ6MKPe1dKk2hvP3yfPd2vLqH79tQNtKafSqvcrZirFqBLW5e78MYZbr419YZD,https://solscan.io/tx/4KVR7e3zd6sk7as2u6AbYuEvjhmJ6MKPe1dKk2hvP3yfPd2vLqH79tQNtKafSqvcrZirFqBLW5e78MYZbr419YZD,solana_blockchain,9Be37npkkAwpwPzjLnDKt6opz5fSuYHriykYXyMeAyad
2022-04-01 05:36:33,_UNKNOWN,95.00250756,SOL,,,,,solanart,2oppmfimP7qiPaUsjwhoakDGHipUNHkE5PtP8RbJe4xPBvvZU3ZQZJotuFToBecmakMF4nSmUZsYvVt9bb1YmPom,https://solscan.io/tx/2oppmfimP7qiPaUsjwhoakDGHipUNHkE5PtP8RbJe4xPBvvZU3ZQZJotuFToBecmakMF4nSmUZsYvVt9bb1YmPom,solana_blockchain,9Be37npkkAwpwPzjLnDKt6opz5fSuYHriykYXyMeAyad
2022-04-01 05:35:53,_UNKNOWN,95.00250756,SOL,,,,,solanart,61nyFGxWDkRcaJVT4jpAWp3xEjhaWYMDm8VUTU7M33opqFNZpbEHHA5eXhDR1bXStBnXeCxcbtMrL44k2VAb6jYH,https://solscan.io/tx/61nyFGxWDkRcaJVT4jpAWp3xEjhaWYMDm8VUTU7M33opqFNZpbEHHA5eXhDR1bXStBnXeCxcbtMrL44k2VAb6jYH,solana_blockchain,9Be37npkkAwpwPzjLnDKt6opz5fSuYHriykYXyMeAyad
2022-04-01 05:35:24,_UNKNOWN,95.00250756,SOL,,,,,solanart,5H1wsXAH9g2bvbLbwWirtYGSqi2kqZs79QdAY9yU8nGk8NtnBF38j6419vFFJX5KD3AKsYt8FexA9kt4TaKjKpVf,https://solscan.io/tx/5H1wsXAH9g2bvbLbwWirtYGSqi2kqZs79QdAY9yU8nGk8NtnBF38j6419vFFJX5KD3AKsYt8FexA9kt4TaKjKpVf,solana_blockchain,9Be37npkkAwpwPzjLnDKt6opz5fSuYHriykYXyMeAyad
2022-04-01 05:30:52,_UNKNOWN,95.00200644,SOL,,,,,,4sfT3koKtQmtcW7XNE3bASUyZEN2kDxXLi1ZcHJHivRZqzwCCsyQh6pBKrZF4iUwBP7G74qddtcNq7g3AWtCKB7i,https://solscan.io/tx/4sfT3koKtQmtcW7XNE3bASUyZEN2kDxXLi1ZcHJHivRZqzwCCsyQh6pBKrZF4iUwBP7G74qddtcNq7g3AWtCKB7i,solana_blockchain,9Be37npkkAwpwPzjLnDKt6opz5fSuYHriykYXyMeAyad
2022-04-01 04:53:43,_UNKNOWN,0.00251256,SOL,,,,,solanart,4vxMiDFYfaTzTk3qJC7s7csXK8rHqcdPLfbZp47vtBBMyKLrUXFu7z9zodRb12QzYPe13cdX8roUMxvCB3yGT83Y,https://solscan.io/tx/4vxMiDFYfaTzTk3qJC7s7csXK8rHqcdPLfbZp47vtBBMyKLrUXFu7z9zodRb12QzYPe13cdX8roUMxvCB3yGT83Y,solana_blockchain,9Be37npkkAwpwPzjLnDKt6opz5fSuYHriykYXyMeAyad
2022-03-31 20:31:41,_UNKNOWN,0.00251256,SOL,,,,,solanart,4zDr3g73goh3feDa5yrgMUCzVNpy94seyWD29XXXkcXYgSmFByax4yDQh1QYvySkMvNUffNNYKfYB3gTFe52pe3s,https://solscan.io/tx/4zDr3g73goh3feDa5yrgMUCzVNpy94seyWD29XXXkcXYgSmFByax4yDQh1QYvySkMvNUffNNYKfYB3gTFe52pe3s,solana_blockchain,9Be37npkkAwpwPzjLnDKt6opz5fSuYHriykYXyMeAyad
2022-03-31 20:05:50,_UNKNOWN,95.0,SOL,,,,,solanart,5qjStLzwK1rxxLZzaR5d6prwscWm95umVxewnNjH5LaByG3n9yZjunvB4GcUoSNj2d74aqAyAwqVYxWrUYfEqVk6,https://solscan.io/tx/5qjStLzwK1rxxLZzaR5d6prwscWm95umVxewnNjH5LaByG3n9yZjunvB4GcUoSNj2d74aqAyAwqVYxWrUYfEqVk6,solana_blockchain,9Be37npkkAwpwPzjLnDKt6opz5fSuYHriykYXyMeAyad
2022-03-31 18:51:57,_UNKNOWN,5.797037519,SOL,5166.592849625,MNDE,,,,2Aq1tR1iKysK6BqjDKRXcMCw5FrRpX4xPdhQpvqdRREqQoSQUSXctpYPy2j7pTPWzvrbMHfamBP8Tt899QC1NG5S,https://solscan.io/tx/2Aq1tR1iKysK6BqjDKRXcMCw5FrRpX4xPdhQpvqdRREqQoSQUSXctpYPy2j7pTPWzvrbMHfamBP8Tt899QC1NG5S,solana_blockchain,9Be37npkkAwpwPzjLnDKt6opz5fSuYHriykYXyMeAyad
2022-03-31 18:44:39,_UNKNOWN,25.245459129,SOL,23122.3,MER,,,,46Z9K2tKYKk4S5GPRuqmUDxoWMypmU96LcEkagycfbbJGwhEqSN3WkQLw2tGAfiWrnpX9suuSPLpXCP69UWpASUs,https://solscan.io/tx/46Z9K2tKYKk4S5GPRuqmUDxoWMypmU96LcEkagycfbbJGwhEqSN3WkQLw2tGAfiWrnpX9suuSPLpXCP69UWpASUs,solana_blockchain,9Be37npkkAwpwPzjLnDKt6opz5fSuYHriykYXyMeAyad
2022-03-31 18:41:06,TRADE,9.367832808,SOL,32250.109399,SBR,,,,3TdQg4UMfEhZKkW7DxWpYtubuYm5uJu3CXn3XNQKtoRFR22N7m6t9YUfzk4ZkmqBrbwwB4B3Bb4FSUCxWhNe2XpS,https://solscan.io/tx/3TdQg4UMfEhZKkW7DxWpYtubuYm5uJu3CXn3XNQKtoRFR22N7m6t9YUfzk4ZkmqBrbwwB4B3Bb4FSUCxWhNe2XpS,solana_blockchain,9Be37npkkAwpwPzjLnDKt6opz5fSuYHriykYXyMeAyad
2022-03-31 18:36:47,_UNKNOWN,32250.109388,SBR,,,0.000005000,SOL,,5jkSmyMXdFDES2B93wW8YZuvypAYMxnLX9G9QzbocrLyaH5X4zBKgPFMsAC8mnF2UDsAiECpa3FHpmBy31TDhNkT,https://solscan.io/tx/5jkSmyMXdFDES2B93wW8YZuvypAYMxnLX9G9QzbocrLyaH5X4zBKgPFMsAC8mnF2UDsAiECpa3FHpmBy31TDhNkT,solana_blockchain,9Be37npkkAwpwPzjLnDKt6opz5fSuYHriykYXyMeAyad
2022-03-31 18:31:09,TRANSFER,1029.139987223,MNDE,,,,,,6655Wn8WbmPAZPLjYsBNcYMz6dwep9PmdASEL9SttaNxoryXE2rrj8DuaDUCWYEDZnZ2RNyc3ji9JTXctJKAFXA7,https://solscan.io/tx/6655Wn8WbmPAZPLjYsBNcYMz6dwep9PmdASEL9SttaNxoryXE2rrj8DuaDUCWYEDZnZ2RNyc3ji9JTXctJKAFXA7,solana_blockchain,9Be37npkkAwpwPzjLnDKt6opz5fSuYHriykYXyMeAyad
2022-03-31 18:30:50,TRANSFER,4605.758494,MER,,,,,,tHZybfAtmXrPHtphfMCE6qtnzFTmnF7tb1pjVUV1UcSGYZWUuXK9gL2Yka3LKAD1LW9FAyyUrAVKdfURkCc8gp3,https://solscan.io/tx/tHZybfAtmXrPHtphfMCE6qtnzFTmnF7tb1pjVUV1UcSGYZWUuXK9gL2Yka3LKAD1LW9FAyyUrAVKdfURkCc8gp3,solana_blockchain,9Be37npkkAwpwPzjLnDKt6opz5fSuYHriykYXyMeAyad
2022-03-31 18:12:35,_UNKNOWN,95.0,SOL,,,,,solanart,4jf5X6UqkxDdypcEgj2NZv8ANMvmGZBpG3n2pcWtfYTNG4WhoevaeDCVoUKss1d9dfFdCf6giLmSkk6TJdSH9fiD,https://solscan.io/tx/4jf5X6UqkxDdypcEgj2NZv8ANMvmGZBpG3n2pcWtfYTNG4WhoevaeDCVoUKss1d9dfFdCf6giLmSkk6TJdSH9fiD,solana_blockchain,9Be37npkkAwpwPzjLnDKt6opz5fSuYHriykYXyMeAyad
2022-03-31 17:55:59,_UNKNOWN,,,,,0.00201644,SOL,,5wf3MCAd2g1mYBBSY7h41t1Vjd7qzdhJTVEcFK62WkgWt6VqaKmhRdtVKJF14F3msyW33SSMm1EoavM1EvqtKznM,https://solscan.io/tx/5wf3MCAd2g1mYBBSY7h41t1Vjd7qzdhJTVEcFK62WkgWt6VqaKmhRdtVKJF14F3msyW33SSMm1EoavM1EvqtKznM,solana_blockchain,9Be37npkkAwpwPzjLnDKt6opz5fSuYHriykYXyMeAyad
2022-03-31 17:53:22,TRANSFER,3.0,ETBNqDK13GurjYPqZDXav8f2DqbWSq7ED8vvNNksxyy3,,,,,,3CygFSb6r38PxCjJbzGwoNzDbumf96RoCD1vb8j6e3yqV5NLm1zERkjSNroRiujgNZRPSUu1ZfLKfvY7TYBeEFWZ,https://solscan.io/tx/3CygFSb6r38PxCjJbzGwoNzDbumf96RoCD1vb8j6e3yqV5NLm1zERkjSNroRiujgNZRPSUu1ZfLKfvY7TYBeEFWZ,solana_blockchain,9Be37npkkAwpwPzjLnDKt6opz5fSuYHriykYXyMeAyad
2022-03-31 17:53:10,_UNKNOWN,,,85.00201644,SOL,,,,5dpvUojjAV877j4fhqEUESxY2fR1oVrqesBWy35oqUapwPbm1mg1VDNXMLJVSRPyScCDPQgjTsENa9maXXZMdvUM,https://solscan.io/tx/5dpvUojjAV877j4fhqEUESxY2fR1oVrqesBWy35oqUapwPbm1mg1VDNXMLJVSRPyScCDPQgjTsENa9maXXZMdvUM,solana_blockchain,9Be37npkkAwpwPzjLnDKt6opz5fSuYHriykYXyMeAyad
2022-03-31 17:51:35,_UNKNOWN,80.00200644,SOL,,,,,,2CBq9Y1QXQqmZkLD7iYW8t1P2WyXFoiriHjQ7NrpnAUiF8pTvMvvoFGH74UTV7TnhPcLSSB5rpSveEQZLQJkdNDr,https://solscan.io/tx/2CBq9Y1QXQqmZkLD7iYW8t1P2WyXFoiriHjQ7NrpnAUiF8pTvMvvoFGH74UTV7TnhPcLSSB5rpSveEQZLQJkdNDr,solana_blockchain,9Be37npkkAwpwPzjLnDKt6opz5fSuYHriykYXyMeAyad
2022-03-31 17:51:12,_UNKNOWN,,,85.0037684,SOL,,,,4VDHkKcNbp3vKL7VpdD6e9E8bCxT7Vb7MaTYsxs58TCaxvSRsJ5Brng5jBWaAH3pNrX5U4YsjJBHq93pXSAucXAu,https://solscan.io/tx/4VDHkKcNbp3vKL7VpdD6e9E8bCxT7Vb7MaTYsxs58TCaxvSRsJ5Brng5jBWaAH3pNrX5U4YsjJBHq93pXSAucXAu,solana_blockchain,9Be37npkkAwpwPzjLnDKt6opz5fSuYHriykYXyMeAyad
2022-03-31 17:49:51,_UNKNOWN,,,95.00455684,SOL,,,solanart,3Sr1dU23YYATc8BLDnBSfnT7P2sE8nWiJ3NyBACwn1Xv3TvqbarVhA4GaFMfhj9373myWht66b2W1MFdU7ETcjJE,https://solscan.io/tx/3Sr1dU23YYATc8BLDnBSfnT7P2sE8nWiJ3NyBACwn1Xv3TvqbarVhA4GaFMfhj9373myWht66b2W1MFdU7ETcjJE,solana_blockchain,9Be37npkkAwpwPzjLnDKt6opz5fSuYHriykYXyMeAyad
2022-03-31 17:49:11,_UNKNOWN,,,95.00455684,SOL,,,solanart,3qXUcMmeuqghgHay4XaJqzKMBTHfCphx4cEdSuYrNyTSbLBfQbNWhjmSZ3PjAz5qYxDDgVCLnS9Zs7eAeHEvr59Q,https://solscan.io/tx/3qXUcMmeuqghgHay4XaJqzKMBTHfCphx4cEdSuYrNyTSbLBfQbNWhjmSZ3PjAz5qYxDDgVCLnS9Zs7eAeHEvr59Q,solana_blockchain,9Be37npkkAwpwPzjLnDKt6opz5fSuYHriykYXyMeAyad
2022-03-31 17:47:36,_UNKNOWN,,,95.00455684,SOL,,,solanart,3LcvQYYucx2zCZmgG62NdxKsWrTueSpj2U5D57dwYS6AqU3JRf8bPVik4Ndy3AKuf5uAsvrpgjsLtfn4yeCfRfVK,https://solscan.io/tx/3LcvQYYucx2zCZmgG62NdxKsWrTueSpj2U5D57dwYS6AqU3JRf8bPVik4Ndy3AKuf5uAsvrpgjsLtfn4yeCfRfVK,solana_blockchain,9Be37npkkAwpwPzjLnDKt6opz5fSuYHriykYXyMeAyad
2022-03-31 17:46:57,_UNKNOWN,,,95.00455684,SOL,,,solanart,4Z8F6TPGLwmiuhUGLPKijRWmtgAULRs6b1QShvc98SEzmTVioGEfznaArmkENVH8waTGRXK52ZBK7t5R2PH5ERBW,https://solscan.io/tx/4Z8F6TPGLwmiuhUGLPKijRWmtgAULRs6b1QShvc98SEzmTVioGEfznaArmkENVH8waTGRXK52ZBK7t5R2PH5ERBW,solana_blockchain,9Be37npkkAwpwPzjLnDKt6opz5fSuYHriykYXyMeAyad
2022-03-31 17:46:20,_UNKNOWN,,,95.00455684,SOL,,,solanart,4CeCvMUVvjZcVTJKWPjqJCyzbMvUvMZi8Ah6hdSQepDF8bUfWQXXtwj2irvnjJNTNgHNRpZGpbJEpXEkQQ7LQkrX,https://solscan.io/tx/4CeCvMUVvjZcVTJKWPjqJCyzbMvUvMZi8Ah6hdSQepDF8bUfWQXXtwj2irvnjJNTNgHNRpZGpbJEpXEkQQ7LQkrX,solana_blockchain,9Be37npkkAwpwPzjLnDKt6opz5fSuYHriykYXyMeAyad
2022-03-31 17:44:22,_UNKNOWN,90.00250756,SOL,,,,,solanart,45A837WFDkZ78BDrGDcaCJLyGYBfcimRAs2tp7pk1kikbTuWpPwNEvDEfPyV8z1FjhG1PJNN5rUju14iNfFDT1x9,https://solscan.io/tx/45A837WFDkZ78BDrGDcaCJLyGYBfcimRAs2tp7pk1kikbTuWpPwNEvDEfPyV8z1FjhG1PJNN5rUju14iNfFDT1x9,solana_blockchain,9Be37npkkAwpwPzjLnDKt6opz5fSuYHriykYXyMeAyad
2022-03-31 17:43:59,_UNKNOWN,90.00250756,SOL,,,,,solanart,2DcUFMa1JFfQfzdsZfCDfbNQcCsmLseobasK2nE6U8MntvKbKGX4JwnXHxk2WTrfVNZSnr37cCEEnpYqXY5P1i3s,https://solscan.io/tx/2DcUFMa1JFfQfzdsZfCDfbNQcCsmLseobasK2nE6U8MntvKbKGX4JwnXHxk2WTrfVNZSnr37cCEEnpYqXY5P1i3s,solana_blockchain,9Be37npkkAwpwPzjLnDKt6opz5fSuYHriykYXyMeAyad
2022-03-31 17:43:45,_UNKNOWN,90.00250756,SOL,,,,,solanart,3w46asxqXCTcM67LiZgPioqMQDQvZRwabHKDp2jrzVz4VXiWQEaxnEMMbVaAk7aGBqum4gzQQxtqtEnQL1rWqg1X,https://solscan.io/tx/3w46asxqXCTcM67LiZgPioqMQDQvZRwabHKDp2jrzVz4VXiWQEaxnEMMbVaAk7aGBqum4gzQQxtqtEnQL1rWqg1X,solana_blockchain,9Be37npkkAwpwPzjLnDKt6opz5fSuYHriykYXyMeAyad
2022-03-31 17:43:04,_UNKNOWN,90.00250756,SOL,,,,,solanart,36r33e9C91gVUN8sBpzY3ceQ4tHtyfbeTbjgbM1KuJ2k11dvZdSMVKVUdWe7h2zaeo6kMxnanpWbizQYwHUdTw6c,https://solscan.io/tx/36r33e9C91gVUN8sBpzY3ceQ4tHtyfbeTbjgbM1KuJ2k11dvZdSMVKVUdWe7h2zaeo6kMxnanpWbizQYwHUdTw6c,solana_blockchain,9Be37npkkAwpwPzjLnDKt6opz5fSuYHriykYXyMeAyad
2022-03-31 17:42:35,_UNKNOWN,86.00250756,SOL,,,,,solanart,GaAeeqesJN5ZrMTnrY5vM3UCfKMnFXyPShJ1mTn2LS1Gq14VU7Cwc1uZMVtUyR7VBv9LTTCHeXP91FC6iz87K4J,https://solscan.io/tx/GaAeeqesJN5ZrMTnrY5vM3UCfKMnFXyPShJ1mTn2LS1Gq14VU7Cwc1uZMVtUyR7VBv9LTTCHeXP91FC6iz87K4J,solana_blockchain,9Be37npkkAwpwPzjLnDKt6opz5fSuYHriykYXyMeAyad
2022-03-31 17:39:43,_UNKNOWN,90.00250756,SOL,,,,,solanart,4MWFYpm8cTb3rDWDYE7jn5aQUn9NMAQdtLzWLcNf6Ls8Dmk34GMJDLCTUmr4ohExxZYGxj4yArQB5iZrSFKzGiKD,https://solscan.io/tx/4MWFYpm8cTb3rDWDYE7jn5aQUn9NMAQdtLzWLcNf6Ls8Dmk34GMJDLCTUmr4ohExxZYGxj4yArQB5iZrSFKzGiKD,solana_blockchain,9Be37npkkAwpwPzjLnDKt6opz5fSuYHriykYXyMeAyad
2022-03-31 17:38:37,_UNKNOWN,88.00250756,SOL,,,,,solanart,F36NxwRmdX4PJeczrToyGeXJTJp7n9pSbm831tXHmPzZR8bPktjw3kWqUAwJyy7BBzMz9bsC5uK5WmoYgukW81P,https://solscan.io/tx/F36NxwRmdX4PJeczrToyGeXJTJp7n9pSbm831tXHmPzZR8bPktjw3kWqUAwJyy7BBzMz9bsC5uK5WmoYgukW81P,solana_blockchain,9Be37npkkAwpwPzjLnDKt6opz5fSuYHriykYXyMeAyad
2022-03-31 00:29:42,_UNKNOWN,1.0,9ZJqZDStwmaBfTaCMV44QwiBVUgbEtLqPYEismHkdjd8,,,,,solanart,5ZWwj46ZWhqy5kytfiuc6usZ8HxKRubFSMCb6A7w1ZJ9nBLgjXyn2dEoJ4cZcYF5nnJ3JMaJJNdrMQKfQJQEUNgG,https://solscan.io/tx/5ZWwj46ZWhqy5kytfiuc6usZ8HxKRubFSMCb6A7w1ZJ9nBLgjXyn2dEoJ4cZcYF5nnJ3JMaJJNdrMQKfQJQEUNgG,solana_blockchain,9Be37npkkAwpwPzjLnDKt6opz5fSuYHriykYXyMeAyad
2022-03-31 00:29:42,_UNKNOWN,0.00251256,SOL,,,,,solanart,5ZWwj46ZWhqy5kytfiuc6usZ8HxKRubFSMCb6A7w1ZJ9nBLgjXyn2dEoJ4cZcYF5nnJ3JMaJJNdrMQKfQJQEUNgG,https://solscan.io/tx/5ZWwj46ZWhqy5kytfiuc6usZ8HxKRubFSMCb6A7w1ZJ9nBLgjXyn2dEoJ4cZcYF5nnJ3JMaJJNdrMQKfQJQEUNgG,solana_blockchain,9Be37npkkAwpwPzjLnDKt6opz5fSuYHriykYXyMeAyad
2022-03-30 19:00:26,_UNKNOWN,,,90.00455684,SOL,,,solanart,62aNnEfzSNMcUCDmneSPpkhYPaDxPEFqYUBwsZpim8k4HQLFyrKbGNGVg72ZfSMuvc7ypnwcXY82w9ZvQqBqZ5Wd,https://solscan.io/tx/62aNnEfzSNMcUCDmneSPpkhYPaDxPEFqYUBwsZpim8k4HQLFyrKbGNGVg72ZfSMuvc7ypnwcXY82w9ZvQqBqZ5Wd,solana_blockchain,9Be37npkkAwpwPzjLnDKt6opz5fSuYHriykYXyMeAyad
2022-03-30 18:59:56,_UNKNOWN,,,90.00455684,SOL,,,solanart,4WTTUWk6dNNZajxEtYGjYX4GonQ2XGSxFfqR1jDE6e442QZzDVtYaNt4Jvdu3fB7XK9XNDJ5m8HY1rdPungR3bHm,https://solscan.io/tx/4WTTUWk6dNNZajxEtYGjYX4GonQ2XGSxFfqR1jDE6e442QZzDVtYaNt4Jvdu3fB7XK9XNDJ5m8HY1rdPungR3bHm,solana_blockchain,9Be37npkkAwpwPzjLnDKt6opz5fSuYHriykYXyMeAyad
2022-03-30 18:56:24,_UNKNOWN,,,86.00455684,SOL,,,solanart,2R5vH7FXfyC3gupN4mnVy3u4sGxatN5AEy12n7vCJQgrM9F9Hk5aGvbQqmM2fin2tdPuf7F2i55dNasRVZCcmLR1,https://solscan.io/tx/2R5vH7FXfyC3gupN4mnVy3u4sGxatN5AEy12n7vCJQgrM9F9Hk5aGvbQqmM2fin2tdPuf7F2i55dNasRVZCcmLR1,solana_blockchain,9Be37npkkAwpwPzjLnDKt6opz5fSuYHriykYXyMeAyad
2022-03-30 18:55:19,_UNKNOWN,,,88.00455684,SOL,,,solanart,2uYwHUSfmTLQrweNJAfqMj3BwMkwg8bSMPskZfr5WiyDXkgVP49ACe16Nk69c55bFe7sD2rfc2Ft7XLW174mFLA5,https://solscan.io/tx/2uYwHUSfmTLQrweNJAfqMj3BwMkwg8bSMPskZfr5WiyDXkgVP49ACe16Nk69c55bFe7sD2rfc2Ft7XLW174mFLA5,solana_blockchain,9Be37npkkAwpwPzjLnDKt6opz5fSuYHriykYXyMeAyad
2022-03-30 18:54:35,_UNKNOWN,,,90.00455684,SOL,,,solanart,3EKU2VqzyiYXHvuZJyRgsnZ7x3MhLHDhQMkoEbZYDK632EPtGADYfnFDLhSTEo5fFU8JDNZq7bQpkRNaJwPcqtny,https://solscan.io/tx/3EKU2VqzyiYXHvuZJyRgsnZ7x3MhLHDhQMkoEbZYDK632EPtGADYfnFDLhSTEo5fFU8JDNZq7bQpkRNaJwPcqtny,solana_blockchain,9Be37npkkAwpwPzjLnDKt6opz5fSuYHriykYXyMeAyad
2022-03-30 18:53:38,_UNKNOWN,,,90.00455684,SOL,,,solanart,3mj1JtAyHwnUKbVsiifApbPakNxNWrjtkAM3645nFQFRXsBwviw1UnC6brSL4w2RW2Z9iiXpSSMTaPSfqEhYYXfo,https://solscan.io/tx/3mj1JtAyHwnUKbVsiifApbPakNxNWrjtkAM3645nFQFRXsBwviw1UnC6brSL4w2RW2Z9iiXpSSMTaPSfqEhYYXfo,solana_blockchain,9Be37npkkAwpwPzjLnDKt6opz5fSuYHriykYXyMeAyad
2022-03-30 18:52:47,_UNKNOWN,,,90.00455684,SOL,,,solanart,4xpt2tNjiYZZc1hUiZYoYV14n6DHF2YFDrE3TXUa9rbqLjGRd5eAvB5rR145nHyxDpqw9tnvJjoeBno7trGkqqEA,https://solscan.io/tx/4xpt2tNjiYZZc1hUiZYoYV14n6DHF2YFDrE3TXUa9rbqLjGRd5eAvB5rR145nHyxDpqw9tnvJjoeBno7trGkqqEA,solana_blockchain,9Be37npkkAwpwPzjLnDKt6opz5fSuYHriykYXyMeAyad
2022-03-30 18:50:25,_UNKNOWN,,,90.00455684,SOL,,,solanart,zE9CfpddZbs6YZV7tyCtu59P3hxrNAosGiKWfgzkfogX9W4k6JSF65M2wgoCLFYvwbqC3fNhH89wra5eRXCfY8p,https://solscan.io/tx/zE9CfpddZbs6YZV7tyCtu59P3hxrNAosGiKWfgzkfogX9W4k6JSF65M2wgoCLFYvwbqC3fNhH89wra5eRXCfY8p,solana_blockchain,9Be37npkkAwpwPzjLnDKt6opz5fSuYHriykYXyMeAyad
2022-03-30 18:46:42,_UNKNOWN,,,10.00201644,SOL,,,,3erAL2uNk3XbiusFXQn6siGDendcVxAfJAkU82o7U4YWL5nrDvjxevDJaB2kkh7QJQ9crQxBZ8i7DWdJFfyXm9Y,https://solscan.io/tx/3erAL2uNk3XbiusFXQn6siGDendcVxAfJAkU82o7U4YWL5nrDvjxevDJaB2kkh7QJQ9crQxBZ8i7DWdJFfyXm9Y,solana_blockchain,9Be37npkkAwpwPzjLnDKt6opz5fSuYHriykYXyMeAyad
2022-03-30 18:35:16,_UNKNOWN,,,80.00201644,SOL,,,,559xd1kFVNGNdkRxyyojXgEq7nktkT5gFRHSMCJhsBMMLv887NbA48E6a26cLVNmqg6JJhzrsi35t3kfBcmqwSbf,https://solscan.io/tx/559xd1kFVNGNdkRxyyojXgEq7nktkT5gFRHSMCJhsBMMLv887NbA48E6a26cLVNmqg6JJhzrsi35t3kfBcmqwSbf,solana_blockchain,9Be37npkkAwpwPzjLnDKt6opz5fSuYHriykYXyMeAyad
2022-03-30 18:21:37,_UNKNOWN,0.004317159999999376,SOL,,,,,,5F9X86C8HwCSh7cgoUQHCGeJEMWMgiSGy5M9beWyk5oY688wiZ7Vy9boWTQtpEcQvfsWyZhMdWW4zpPD3ptA1dDK,https://solscan.io/tx/5F9X86C8HwCSh7cgoUQHCGeJEMWMgiSGy5M9beWyk5oY688wiZ7Vy9boWTQtpEcQvfsWyZhMdWW4zpPD3ptA1dDK,solana_blockchain,9Be37npkkAwpwPzjLnDKt6opz5fSuYHriykYXyMeAyad
2022-03-30 18:21:32,_UNKNOWN,0.004317159999999376,SOL,,,,,,319qTDB3JQvdSjxWU1gKJigNSE3qR2NLNEFKpmWiSfLgeLuQ1PF1n4e32sxjcApb1io7CBWYXpxmqx3mKJZhUTQo,https://solscan.io/tx/319qTDB3JQvdSjxWU1gKJigNSE3qR2NLNEFKpmWiSfLgeLuQ1PF1n4e32sxjcApb1io7CBWYXpxmqx3mKJZhUTQo,solana_blockchain,9Be37npkkAwpwPzjLnDKt6opz5fSuYHriykYXyMeAyad
2022-03-30 18:21:27,_UNKNOWN,0.004317159999999376,SOL,,,,,,4NpcKPCoPz2Assu1qcCV2nXPLaBqrrnEfZJjSvw1ugW5bYLavj5HHCNLRqw3NvKFJRG2tPR5MJGCTfLCSZPrHK8P,https://solscan.io/tx/4NpcKPCoPz2Assu1qcCV2nXPLaBqrrnEfZJjSvw1ugW5bYLavj5HHCNLRqw3NvKFJRG2tPR5MJGCTfLCSZPrHK8P,solana_blockchain,9Be37npkkAwpwPzjLnDKt6opz5fSuYHriykYXyMeAyad
2022-03-30 18:21:17,_UNKNOWN,0.004317159999999376,SOL,,,,,,4ZZcf9dNCLaiVfYjBDTwyyRy6fxNdUgd4XTteFWUGD7gr2iQGcz9ZrKnt4E4BnqDXMSqJMLkZTBxwTt68Ahuv7NY,https://solscan.io/tx/4ZZcf9dNCLaiVfYjBDTwyyRy6fxNdUgd4XTteFWUGD7gr2iQGcz9ZrKnt4E4BnqDXMSqJMLkZTBxwTt68Ahuv7NY,solana_blockchain,9Be37npkkAwpwPzjLnDKt6opz5fSuYHriykYXyMeAyad
2022-03-30 18:07:11,TRANSFER,4628.894315,MER,,,,,,2zoWkheqjhWAiD5YxyqXoqzMkBzsf7YRCVK8i8mMQryBA13N9DdrukVELhHP9m17wgxx2gvSe3bg4xyX7Fqbk32i,https://solscan.io/tx/2zoWkheqjhWAiD5YxyqXoqzMkBzsf7YRCVK8i8mMQryBA13N9DdrukVELhHP9m17wgxx2gvSe3bg4xyX7Fqbk32i,solana_blockchain,9Be37npkkAwpwPzjLnDKt6opz5fSuYHriykYXyMeAyad
2022-03-30 18:06:58,TRANSFER,1035.025476102,MNDE,,,,,,DwmVhVjSJR4TNSK4y97AcLpnMV527YovqSjRjggc7pN6k4Bu82UqR4Ku9J2FMZ7tdVV9zP3cA2Sy2rfMJau2hcr,https://solscan.io/tx/DwmVhVjSJR4TNSK4y97AcLpnMV527YovqSjRjggc7pN6k4Bu82UqR4Ku9J2FMZ7tdVV9zP3cA2Sy2rfMJau2hcr,solana_blockchain,9Be37npkkAwpwPzjLnDKt6opz5fSuYHriykYXyMeAyad
2022-03-30 18:05:47,TRANSFER,4630.799478,MER,,,,,,P1cRZDGCyBxZe4G8CqiKtaBh1w1xT79zcJMd5e3YcF3eRGUaoeH3hykzvjgTaJRBCyQom4Bg1w617jgq6CRBxEc,https://solscan.io/tx/P1cRZDGCyBxZe4G8CqiKtaBh1w1xT79zcJMd5e3YcF3eRGUaoeH3hykzvjgTaJRBCyQom4Bg1w617jgq6CRBxEc,solana_blockchain,9Be37npkkAwpwPzjLnDKt6opz5fSuYHriykYXyMeAyad
2022-03-30 18:05:47,TRANSFER,1034.735304048,MNDE,,,,,,3KYKoTrefmTTfTGxRi3X8agvbXZcX2aU6j9oeZ5ZUrBxZpd9U9Tw4QzSubMHQweqpCNX3DGBFMt5EPscS2i6CDgU,https://solscan.io/tx/3KYKoTrefmTTfTGxRi3X8agvbXZcX2aU6j9oeZ5ZUrBxZpd9U9Tw4QzSubMHQweqpCNX3DGBFMt5EPscS2i6CDgU,solana_blockchain,9Be37npkkAwpwPzjLnDKt6opz5fSuYHriykYXyMeAyad
2022-03-30 18:05:47,TRANSFER,1033.382478968,MNDE,,,,,,4JHdpQ98SwyfqcfkMsk1XsN6x6GaNWkCeGEmXgXvW4LaCMg9W5esFR7QyickMrg6CcXRKZDiNNraMW8YMcWmpzgr,https://solscan.io/tx/4JHdpQ98SwyfqcfkMsk1XsN6x6GaNWkCeGEmXgXvW4LaCMg9W5esFR7QyickMrg6CcXRKZDiNNraMW8YMcWmpzgr,solana_blockchain,9Be37npkkAwpwPzjLnDKt6opz5fSuYHriykYXyMeAyad
2022-03-30 18:05:39,TRANSFER,1034.309602414,MNDE,,,,,,3wu8tdZYd5UV9CgSwXciNeRk82h3cfBrR3yKhCXu8hASoyLnk8K1aY6JJaLwto5p61u2sbgrZm69Ded29moPaVDK,https://solscan.io/tx/3wu8tdZYd5UV9CgSwXciNeRk82h3cfBrR3yKhCXu8hASoyLnk8K1aY6JJaLwto5p61u2sbgrZm69Ded29moPaVDK,solana_blockchain,9Be37npkkAwpwPzjLnDKt6opz5fSuYHriykYXyMeAyad
2022-03-30 18:05:08,TRANSFER,4632.098098,MER,,,,,,2ZLkT13Lzf7TSGUJkkVmAij1i6KVgLZvyp1VnbL78fhaGyMuhN2qDkC9EvoEZwm6tn5WfMYG3yedCycxSxHWoqgs,https://solscan.io/tx/2ZLkT13Lzf7TSGUJkkVmAij1i6KVgLZvyp1VnbL78fhaGyMuhN2qDkC9EvoEZwm6tn5WfMYG3yedCycxSxHWoqgs,solana_blockchain,9Be37npkkAwpwPzjLnDKt6opz5fSuYHriykYXyMeAyad
2022-03-30 18:04:23,TRANSFER,4624.745116,MER,,,,,,4EvvHcn3cgieZRePk5kpY9s2nmm1pKNzUiKEN8WunuBwy6g5WEdsN7E5TMYFR8sKUaVdoCjePDP8ZTVTxgGWazLW,https://solscan.io/tx/4EvvHcn3cgieZRePk5kpY9s2nmm1pKNzUiKEN8WunuBwy6g5WEdsN7E5TMYFR8sKUaVdoCjePDP8ZTVTxgGWazLW,solana_blockchain,9Be37npkkAwpwPzjLnDKt6opz5fSuYHriykYXyMeAyad
2022-03-29 19:03:33,_UNKNOWN,,,0.006376439999996819,SOL,,,,432aj73HccMYzDzRQnyJP5qJP7TtsVxNe8NB9a85K86cYrLphxgqsyHoxxWsuPMTgNsBXW4HVnnFELryrJa8i47D,https://solscan.io/tx/432aj73HccMYzDzRQnyJP5qJP7TtsVxNe8NB9a85K86cYrLphxgqsyHoxxWsuPMTgNsBXW4HVnnFELryrJa8i47D,solana_blockchain,9Be37npkkAwpwPzjLnDKt6opz5fSuYHriykYXyMeAyad
2022-03-29 19:02:09,_UNKNOWN,,,0.006376439999996819,SOL,,,,5zquS8a5PBdbRpC5ynn7v6AscsJFKwdhTFVoPcJAmhSExBQpnNkEgjatSa6nWUGnzzo8Rd4pui7kLFmMzbiKjU9S,https://solscan.io/tx/5zquS8a5PBdbRpC5ynn7v6AscsJFKwdhTFVoPcJAmhSExBQpnNkEgjatSa6nWUGnzzo8Rd4pui7kLFmMzbiKjU9S,solana_blockchain,9Be37npkkAwpwPzjLnDKt6opz5fSuYHriykYXyMeAyad
2022-03-29 19:01:20,_UNKNOWN,0.004317159999999376,SOL,,,,,,3ufpc6JyHXRnYqse4iNwKpYWXEWFpHtVh8b9LC3iv6gLCj7MUSofh1SyN16bcrcn5nPJFJ6SnZAJktmkni1oLW2h,https://solscan.io/tx/3ufpc6JyHXRnYqse4iNwKpYWXEWFpHtVh8b9LC3iv6gLCj7MUSofh1SyN16bcrcn5nPJFJ6SnZAJktmkni1oLW2h,solana_blockchain,9Be37npkkAwpwPzjLnDKt6opz5fSuYHriykYXyMeAyad
2022-03-29 19:00:47,_UNKNOWN,0.004317159999999376,SOL,,,,,,4XKu1x4xD5BWgY4kcS8aRYXE8jQRiukKz3QY1ZzrZZHgaj9z5HZy5sVjheS3GNdZhtBC7yvXSDU8ueJX3pphECuD,https://solscan.io/tx/4XKu1x4xD5BWgY4kcS8aRYXE8jQRiukKz3QY1ZzrZZHgaj9z5HZy5sVjheS3GNdZhtBC7yvXSDU8ueJX3pphECuD,solana_blockchain,9Be37npkkAwpwPzjLnDKt6opz5fSuYHriykYXyMeAyad
2022-03-29 19:00:01,_UNKNOWN,,,0.006376439999996819,SOL,,,,5Nm5oii7vWdyxocD1TSrqUDqoEBarQZi8kaFbzAaBSTfUH7UkYYfCr58nx6sbTbsdkA5o6cK1bSJkNq9M2QuVruM,https://solscan.io/tx/5Nm5oii7vWdyxocD1TSrqUDqoEBarQZi8kaFbzAaBSTfUH7UkYYfCr58nx6sbTbsdkA5o6cK1bSJkNq9M2QuVruM,solana_blockchain,9Be37npkkAwpwPzjLnDKt6opz5fSuYHriykYXyMeAyad
2022-03-29 18:56:32,_UNKNOWN,0.004317159999999376,SOL,,,,,,3Wv7uCmD5otv1o51FyDUB2S6EiBvEuWV3Zq81naWvAshnymk3kRnqoWcRaRS7XeA2wTy3vXKLEDgAx5HwJh7B1yo,https://solscan.io/tx/3Wv7uCmD5otv1o51FyDUB2S6EiBvEuWV3Zq81naWvAshnymk3kRnqoWcRaRS7XeA2wTy3vXKLEDgAx5HwJh7B1yo,solana_blockchain,9Be37npkkAwpwPzjLnDKt6opz5fSuYHriykYXyMeAyad
2022-03-29 18:55:52,_UNKNOWN,,,0.004337160000005724,SOL,,,,aMNLRees9zfGTeCpwdFeLn1RzBVh89bMjkpiVa1WF9viRafBKDMDBiwhCdHgTSv7JAibK9CKmreGaRmWcN893S4,https://solscan.io/tx/aMNLRees9zfGTeCpwdFeLn1RzBVh89bMjkpiVa1WF9viRafBKDMDBiwhCdHgTSv7JAibK9CKmreGaRmWcN893S4,solana_blockchain,9Be37npkkAwpwPzjLnDKt6opz5fSuYHriykYXyMeAyad
2022-03-29 18:55:38,_UNKNOWN,,,0.006376439999996819,SOL,,,,2VASESZNvG4eVc56TM1yiudVZ8EZd1GiVzNncaDpLVNtGq1JV5YybLKmepqCXLbZs4x1xY2PruTGz7C7qNzpQrD8,https://solscan.io/tx/2VASESZNvG4eVc56TM1yiudVZ8EZd1GiVzNncaDpLVNtGq1JV5YybLKmepqCXLbZs4x1xY2PruTGz7C7qNzpQrD8,solana_blockchain,9Be37npkkAwpwPzjLnDKt6opz5fSuYHriykYXyMeAyad
2022-03-29 18:54:40,_UNKNOWN,,,0.006376439999996819,SOL,,,,3A6uC77sGiqD9rZviqCFe6ZLFrQ8vJtThwqVgtrKbSL3vkNEB49UNQV8iJNFZUnWwzgVuWtCmg1641o3Mg6WW6Ec,https://solscan.io/tx/3A6uC77sGiqD9rZviqCFe6ZLFrQ8vJtThwqVgtrKbSL3vkNEB49UNQV8iJNFZUnWwzgVuWtCmg1641o3Mg6WW6Ec,solana_blockchain,9Be37npkkAwpwPzjLnDKt6opz5fSuYHriykYXyMeAyad
2022-03-29 18:53:14,_UNKNOWN,549.468790527,SOL,529.221296807,mSOL,,,,22orZg9ErS6hS5peYP8rXtnXuoeDPMB6s5fgjyhR1jxL2MpNMD85ovvcs9VfFKjSEcUE8B9QWeM5Afp9QLHdq8cR,https://solscan.io/tx/22orZg9ErS6hS5peYP8rXtnXuoeDPMB6s5fgjyhR1jxL2MpNMD85ovvcs9VfFKjSEcUE8B9QWeM5Afp9QLHdq8cR,solana_blockchain,9Be37npkkAwpwPzjLnDKt6opz5fSuYHriykYXyMeAyad
2022-03-29 17:37:29,_UNKNOWN,,,0.006376439999996819,SOL,,,,5NFzzGefrZ2ddqoJMBCGoPBtWugyMuDe5pScsJGDqGgRuQnjDYc4MZ1AGVXVixoyXNuEXFkLg7QKHF94Sjf2bHxo,https://solscan.io/tx/5NFzzGefrZ2ddqoJMBCGoPBtWugyMuDe5pScsJGDqGgRuQnjDYc4MZ1AGVXVixoyXNuEXFkLg7QKHF94Sjf2bHxo,solana_blockchain,9Be37npkkAwpwPzjLnDKt6opz5fSuYHriykYXyMeAyad
2022-03-29 17:27:50,TRANSFER,221.56,SOL,,,,,,4nMgMZ1ydKG3ZERdtwNSEcqwj498BmYiWaJLSt68p8PzT4krYmsnUxUSy42xT494u9BKptkXA7ivLV9A2HL87E35,https://solscan.io/tx/4nMgMZ1ydKG3ZERdtwNSEcqwj498BmYiWaJLSt68p8PzT4krYmsnUxUSy42xT494u9BKptkXA7ivLV9A2HL87E35,solana_blockchain,9Be37npkkAwpwPzjLnDKt6opz5fSuYHriykYXyMeAyad
2022-03-27 23:22:19,_UNKNOWN,1.0,AtjiqUewTNUfUDV1aaepwGjySWwncZ6JZoAmquBB9Wxm,219.99771711900001,SOL,,,,2Njhvr53h3S7TJn67QK2SPUch68KhG4g2YcSs1pvu6n7P77nKgnvAsTc2zsZb7ebs1BV21NxZ1rGGjBNi5Kt9icZ,https://solscan.io/tx/2Njhvr53h3S7TJn67QK2SPUch68KhG4g2YcSs1pvu6n7P77nKgnvAsTc2zsZb7ebs1BV21NxZ1rGGjBNi5Kt9icZ,solana_blockchain,9Be37npkkAwpwPzjLnDKt6opz5fSuYHriykYXyMeAyad
2022-03-27 23:01:25,_UNKNOWN,,,0.006376439999996819,SOL,,,,a1voo4fKvsRL2B2JFmXAjwgek8LL6Gb9rQVfnM5nQDkx1TMCyMZXTVW22wsDVHPkhuHUJii9SkV6eH2rb947hhw,https://solscan.io/tx/a1voo4fKvsRL2B2JFmXAjwgek8LL6Gb9rQVfnM5nQDkx1TMCyMZXTVW22wsDVHPkhuHUJii9SkV6eH2rb947hhw,solana_blockchain,9Be37npkkAwpwPzjLnDKt6opz5fSuYHriykYXyMeAyad
2022-03-27 23:00:41,_UNKNOWN,220.00200644,SOL,,,,,,JQKKE7MPtcHYMgdcExVk5mNcDrKEkvhxgzRu7XYFJWZZbnmSAp9gcoraxNJ6gzVeTYCSyx7rpEr9K91CMAg2ddT,https://solscan.io/tx/JQKKE7MPtcHYMgdcExVk5mNcDrKEkvhxgzRu7XYFJWZZbnmSAp9gcoraxNJ6gzVeTYCSyx7rpEr9K91CMAg2ddT,solana_blockchain,9Be37npkkAwpwPzjLnDKt6opz5fSuYHriykYXyMeAyad
2022-03-27 03:10:11,_UNKNOWN,,,220.00201644,SOL,,,,SFyTbKvikfTXpvNpxu4ndu4HAciFjHPhp8obkL3C9KPVagTLDXM3stdEQVu4hkmXsN4XDq6nxjDKwJd4Tz1QFbj,https://solscan.io/tx/SFyTbKvikfTXpvNpxu4ndu4HAciFjHPhp8obkL3C9KPVagTLDXM3stdEQVu4hkmXsN4XDq6nxjDKwJd4Tz1QFbj,solana_blockchain,9Be37npkkAwpwPzjLnDKt6opz5fSuYHriykYXyMeAyad
2022-03-27 02:16:10,_UNKNOWN,0.004317159999999376,SOL,,,,,,4c4RxjmZroo5CNiZm3b2j2ovqayX971ytybCVRGwAtbzNRHpMHfBHjs1CbGZQZVyokEn8BZX19KVhwgqA1Tfp4Pc,https://solscan.io/tx/4c4RxjmZroo5CNiZm3b2j2ovqayX971ytybCVRGwAtbzNRHpMHfBHjs1CbGZQZVyokEn8BZX19KVhwgqA1Tfp4Pc,solana_blockchain,9Be37npkkAwpwPzjLnDKt6opz5fSuYHriykYXyMeAyad
2022-03-26 22:34:53,_UNKNOWN,1.0,12V5jQKKYqtSduKCM5WuMH6s3efc5v3okKqYo7sv4nLb,219.00204428,SOL,,,,2oi7wERjj4YfPY8HtiqwXra1FiKBmcUHnthrXCm1hRt197M92JucZ54vZkWU7sGY4bNbohtxZczNAmqQYuhBTt8H,https://solscan.io/tx/2oi7wERjj4YfPY8HtiqwXra1FiKBmcUHnthrXCm1hRt197M92JucZ54vZkWU7sGY4bNbohtxZczNAmqQYuhBTt8H,solana_blockchain,9Be37npkkAwpwPzjLnDKt6opz5fSuYHriykYXyMeAyad
2022-03-26 22:24:19,_UNKNOWN,201.00200644,SOL,,,,,,2wUu1scRysxMGgHgfopfheTGa55HYEgD356xVMUthtwnrXMCEBG8m1Ebh5bgyjmKdCrN7rz3FG3ajwP72LJvUtGF,https://solscan.io/tx/2wUu1scRysxMGgHgfopfheTGa55HYEgD356xVMUthtwnrXMCEBG8m1Ebh5bgyjmKdCrN7rz3FG3ajwP72LJvUtGF,solana_blockchain,9Be37npkkAwpwPzjLnDKt6opz5fSuYHriykYXyMeAyad
2022-03-26 22:08:02,TRANSFER,,,0.006376439999996819,SOL,0.000015000,SOL,,5G53T8B7NWdHcV2rZjLxgVcPgDix621YbakvvxozgbgiRaZj3zwAQ6YUuYmjwqXnzVgoAkJiZHsKc6icHpzU7cTv,https://solscan.io/tx/5G53T8B7NWdHcV2rZjLxgVcPgDix621YbakvvxozgbgiRaZj3zwAQ6YUuYmjwqXnzVgoAkJiZHsKc6icHpzU7cTv,solana_blockchain,9Be37npkkAwpwPzjLnDKt6opz5fSuYHriykYXyMeAyad
2022-03-26 22:03:11,_UNKNOWN,1.0,Bg41NicchdtLxUCZRx63sKKwwddqWwhP6gfnpxzRWQuy,230.00204928,SOL,,,,2oNMvi8y7L86Nvdb5ZsahEFzDGQ5DVoMck4BzSXqN9qC98kUbQY4P5F8KW78ygv3AhJqn9rjxmdU3y81N8FT5yJ9,https://solscan.io/tx/2oNMvi8y7L86Nvdb5ZsahEFzDGQ5DVoMck4BzSXqN9qC98kUbQY4P5F8KW78ygv3AhJqn9rjxmdU3y81N8FT5yJ9,solana_blockchain,9Be37npkkAwpwPzjLnDKt6opz5fSuYHriykYXyMeAyad
2022-03-26 22:02:08,_UNKNOWN,0.004317159999999376,SOL,,,,,,2jgYGBUioniifnhkWWhjhJZfLKzaC6UyDyu7Wt8HWhatKE3bsFwjMh3Hc6CAEdU3m4b9sWWnMGuVRztaqGraRXtR,https://solscan.io/tx/2jgYGBUioniifnhkWWhjhJZfLKzaC6UyDyu7Wt8HWhatKE3bsFwjMh3Hc6CAEdU3m4b9sWWnMGuVRztaqGraRXtR,solana_blockchain,9Be37npkkAwpwPzjLnDKt6opz5fSuYHriykYXyMeAyad
2022-03-26 21:54:13,_UNKNOWN,24.388922452,SOL,24964.458583884,MNDE,,,,4npWdYF6pd7smySQ2myubPwjRe3FAds1tgKGtUPcqkYck7qKs8RWggauEp5A3YHvxc42EWrbPB4SBvPSvgtBV4x8,https://solscan.io/tx/4npWdYF6pd7smySQ2myubPwjRe3FAds1tgKGtUPcqkYck7qKs8RWggauEp5A3YHvxc42EWrbPB4SBvPSvgtBV4x8,solana_blockchain,9Be37npkkAwpwPzjLnDKt6opz5fSuYHriykYXyMeAyad
2022-03-26 21:48:10,SPEND,,,0.000005000,SOL,,,fee for _CLOSE_ACCOUNT,5b2PV1yj5cMXkFRzKonkc88gqipYpaBVqiwxFcPEH96Dx9vWVDBubthURskgoTHSp9bKFJjHc6duumrBx3Y3AxBU,https://solscan.io/tx/5b2PV1yj5cMXkFRzKonkc88gqipYpaBVqiwxFcPEH96Dx9vWVDBubthURskgoTHSp9bKFJjHc6duumrBx3Y3AxBU,solana_blockchain,9Be37npkkAwpwPzjLnDKt6opz5fSuYHriykYXyMeAyad
2022-03-26 21:48:08,_UNKNOWN,0.064354,USDC,112042.0,MER,0.000005000,SOL,,j1bhP25yHZRg853gYYfoNquSHC8Nxas3PnJ5BvyogDt2U9kVAHhBjvEkARkhEKGJAPE4keFLPv5MPmxhZBtsCKZ,https://solscan.io/tx/j1bhP25yHZRg853gYYfoNquSHC8Nxas3PnJ5BvyogDt2U9kVAHhBjvEkARkhEKGJAPE4keFLPv5MPmxhZBtsCKZ,solana_blockchain,9Be37npkkAwpwPzjLnDKt6opz5fSuYHriykYXyMeAyad
2022-03-26 21:47:52,SPEND,,,0.00204428,SOL,,,fee for _INIT_ACCOUNT,2F6UyfZM3d1ob82DY1s2ch7tonJ5Hjcj69YLkJD1Jd1T7cKMh5wpdy3UcXaHZx1qWdJQEXSzCAapDvQiQQmzzZdf,https://solscan.io/tx/2F6UyfZM3d1ob82DY1s2ch7tonJ5Hjcj69YLkJD1Jd1T7cKMh5wpdy3UcXaHZx1qWdJQEXSzCAapDvQiQQmzzZdf,solana_blockchain,9Be37npkkAwpwPzjLnDKt6opz5fSuYHriykYXyMeAyad
2022-03-26 21:46:08,SPEND,,,0.000005000,SOL,,,fee for _CLOSE_ACCOUNT,3DsbRLwrEfgrk3ozEYgaZuc1KYJytXaVWbb28nxvCJk82APJpMszhSNev8L3a78D1p3qzLof7wsVgBdowdfH5pA5,https://solscan.io/tx/3DsbRLwrEfgrk3ozEYgaZuc1KYJytXaVWbb28nxvCJk82APJpMszhSNev8L3a78D1p3qzLof7wsVgBdowdfH5pA5,solana_blockchain,9Be37npkkAwpwPzjLnDKt6opz5fSuYHriykYXyMeAyad
2022-03-26 21:46:05,TRANSFER,4503.054532,MER,,,,,,7UCbsWjXHM8VTmA6zSteDrPPgeZ9sgPcEmZtE5XMxCgt7cLVADNc9dMXvzzcRY9ZnHsWGabEhbiZzUzFSRXPytC,https://solscan.io/tx/7UCbsWjXHM8VTmA6zSteDrPPgeZ9sgPcEmZtE5XMxCgt7cLVADNc9dMXvzzcRY9ZnHsWGabEhbiZzUzFSRXPytC,solana_blockchain,9Be37npkkAwpwPzjLnDKt6opz5fSuYHriykYXyMeAyad
2022-03-26 21:46:01,_UNKNOWN,,,0.0487598,SOL,,,,3uitpeKCf3mmHN9qmy7JzcykXxouiVdK2GPBaAneMcdWoErTed3gKaBsdLuZHw4LgXsd1hT5E2tnmr9LikiHQpNk,https://solscan.io/tx/3uitpeKCf3mmHN9qmy7JzcykXxouiVdK2GPBaAneMcdWoErTed3gKaBsdLuZHw4LgXsd1hT5E2tnmr9LikiHQpNk,solana_blockchain,9Be37npkkAwpwPzjLnDKt6opz5fSuYHriykYXyMeAyad
2022-03-26 21:45:44,TRANSFER,877.717927101,MNDE,,,,,,518bKJXXU5u6etPYrcMpfUMvGW5tTZT1vkQLuXuggHUhbFAUS3y5r93Q52N32EhhCchk3uBQAkkbMpzyuQrZvapN,https://solscan.io/tx/518bKJXXU5u6etPYrcMpfUMvGW5tTZT1vkQLuXuggHUhbFAUS3y5r93Q52N32EhhCchk3uBQAkkbMpzyuQrZvapN,solana_blockchain,9Be37npkkAwpwPzjLnDKt6opz5fSuYHriykYXyMeAyad
2022-03-26 21:45:44,TRANSFER,975.307325382,MNDE,,,,,,4HLt8PJgsjSpGLhATX1WTb4eAF3915aNSVJvTwxCvuLYZNxBgci7cU8vYB3Mt82BBLwkryQtQSpc64tVmPewjf5x,https://solscan.io/tx/4HLt8PJgsjSpGLhATX1WTb4eAF3915aNSVJvTwxCvuLYZNxBgci7cU8vYB3Mt82BBLwkryQtQSpc64tVmPewjf5x,solana_blockchain,9Be37npkkAwpwPzjLnDKt6opz5fSuYHriykYXyMeAyad
2022-03-26 21:45:32,TRANSFER,4367.18248,MER,,,,,,3cDUbG3uCnzWdnwYEwTDTwSnFR8ughZRXtnSorCq5Nk9f9DE6ThrjEiyPwaWWfg9wVxV1Lc9NBLAw1goNUfHDg42,https://solscan.io/tx/3cDUbG3uCnzWdnwYEwTDTwSnFR8ughZRXtnSorCq5Nk9f9DE6ThrjEiyPwaWWfg9wVxV1Lc9NBLAw1goNUfHDg42,solana_blockchain,9Be37npkkAwpwPzjLnDKt6opz5fSuYHriykYXyMeAyad
2022-03-26 21:45:29,_UNKNOWN,1006.716722379,MNDE,,,,,,3Q7bo4pguByuy2riafjToZitvHRE847ieJYYyxrhhkhqerZePArqUnfwmDoworpivBTaznm63F5fJSuTDQ3uHgHh,https://solscan.io/tx/3Q7bo4pguByuy2riafjToZitvHRE847ieJYYyxrhhkhqerZePArqUnfwmDoworpivBTaznm63F5fJSuTDQ3uHgHh,solana_blockchain,9Be37npkkAwpwPzjLnDKt6opz5fSuYHriykYXyMeAyad
2022-03-26 21:45:28,_UNKNOWN,1006.022353802,MNDE,,,,,,6oYpRveo9ecfKUt3SXqLKadS47xwBYgF9erExYJJRTEd6iyf1mRcAb7Wkfc2EsmsQu9QJEhvjwNv54F8f7vPaq3,https://solscan.io/tx/6oYpRveo9ecfKUt3SXqLKadS47xwBYgF9erExYJJRTEd6iyf1mRcAb7Wkfc2EsmsQu9QJEhvjwNv54F8f7vPaq3,solana_blockchain,9Be37npkkAwpwPzjLnDKt6opz5fSuYHriykYXyMeAyad
2022-03-26 21:45:27,TRANSFER,4506.57007,MER,,,,,,4WQwbhQjBnM5pG8tSqhvHg6RpZDXG3ZXwPp4k3es2Gv8xC9RzJHNVXJhhGHEYHGNn8mWnuWhvGTj7XMF278eSs7D,https://solscan.io/tx/4WQwbhQjBnM5pG8tSqhvHg6RpZDXG3ZXwPp4k3es2Gv8xC9RzJHNVXJhhGHEYHGNn8mWnuWhvGTj7XMF278eSs7D,solana_blockchain,9Be37npkkAwpwPzjLnDKt6opz5fSuYHriykYXyMeAyad
2022-03-26 21:45:27,TRANSFER,4511.857823,MER,,,,,,53yxjdZkk8xmwuitpctqa8w9uz7zPbXRBV1DsCUPtCLTbGXEYbiSZ3UXqcKrtE55jNRJJyAMiHmxVHpfewebAkFb,https://solscan.io/tx/53yxjdZkk8xmwuitpctqa8w9uz7zPbXRBV1DsCUPtCLTbGXEYbiSZ3UXqcKrtE55jNRJJyAMiHmxVHpfewebAkFb,solana_blockchain,9Be37npkkAwpwPzjLnDKt6opz5fSuYHriykYXyMeAyad
2022-03-26 21:45:25,_UNKNOWN,4512.134423,MER,,,,,,2ypdobcq4JC6qWabtUoz87doHT27tUrjHPPeGZN1VoWnn6sfZkcBKHT2ZbhgEE2jmrsWqZnYaNsutUp1eBN9jaUQ,https://solscan.io/tx/2ypdobcq4JC6qWabtUoz87doHT27tUrjHPPeGZN1VoWnn6sfZkcBKHT2ZbhgEE2jmrsWqZnYaNsutUp1eBN9jaUQ,solana_blockchain,9Be37npkkAwpwPzjLnDKt6opz5fSuYHriykYXyMeAyad
2022-03-26 21:45:19,TRANSFER,1007.995399793,MNDE,,,,,,4L4SuE6tVkFuRm3cbRfMmkAHh9Ck9qtDdv8NgUe5aqqE9ACc78sjuTiU31EPz9cfr1xEW7doETNGsJM1P21gFyZ7,https://solscan.io/tx/4L4SuE6tVkFuRm3cbRfMmkAHh9Ck9qtDdv8NgUe5aqqE9ACc78sjuTiU31EPz9cfr1xEW7doETNGsJM1P21gFyZ7,solana_blockchain,9Be37npkkAwpwPzjLnDKt6opz5fSuYHriykYXyMeAyad
2022-03-26 21:45:06,TRANSFER,4527.993223,MER,,,,,,63jhTQiperGmMq1KwdrFW3HUdFpkZdZU5sBHQDasBAkhJ5A9wAzMyudxM94fVnyGfhFJ734Aqs5C81isWs6vczU6,https://solscan.io/tx/63jhTQiperGmMq1KwdrFW3HUdFpkZdZU5sBHQDasBAkhJ5A9wAzMyudxM94fVnyGfhFJ734Aqs5C81isWs6vczU6,solana_blockchain,9Be37npkkAwpwPzjLnDKt6opz5fSuYHriykYXyMeAyad
2022-03-26 21:45:05,TRANSFER,4505.406604,MER,,,,,,d6pT2uNZDrr7nifQ2UYWcW5pB2kDUr7qxprFtJfXQzanLxiDKkMjkQRyWeAB18Gvt1oR1U8VRBTC6PcdBmCymQx,https://solscan.io/tx/d6pT2uNZDrr7nifQ2UYWcW5pB2kDUr7qxprFtJfXQzanLxiDKkMjkQRyWeAB18Gvt1oR1U8VRBTC6PcdBmCymQx,solana_blockchain,9Be37npkkAwpwPzjLnDKt6opz5fSuYHriykYXyMeAyad
2022-03-26 21:45:03,TRANSFER,4511.129129,MER,,,,,,4EvEqnNVvJiAMdUvycBvayD7fBvGEfRQ2oi455RdjTEdKSk6orzqZVxSbNpMxS4UgenUYPa6hUgPsXhhTKHKdvFj,https://solscan.io/tx/4EvEqnNVvJiAMdUvycBvayD7fBvGEfRQ2oi455RdjTEdKSk6orzqZVxSbNpMxS4UgenUYPa6hUgPsXhhTKHKdvFj,solana_blockchain,9Be37npkkAwpwPzjLnDKt6opz5fSuYHriykYXyMeAyad
2022-03-26 21:44:57,TRANSFER,1008.220029149,MNDE,,,,,,331wSJCrXDJqfH7DVEi8V47WQYkUGLRrGTsScF6j7ipTt5aa9exvaUBvFqWcwqXhv5mR2wFUY2TAmaYwEEqPtn3o,https://solscan.io/tx/331wSJCrXDJqfH7DVEi8V47WQYkUGLRrGTsScF6j7ipTt5aa9exvaUBvFqWcwqXhv5mR2wFUY2TAmaYwEEqPtn3o,solana_blockchain,9Be37npkkAwpwPzjLnDKt6opz5fSuYHriykYXyMeAyad
2022-03-26 21:44:49,TRANSFER,1008.611063541,MNDE,,,,,,458TxLGs8nievHLQw8caaH5BptFSVzeqSeC65USM2gF9bwC4byu7FiAxR2YCPYJfsjJnZx57MTd21WWzcpdymdDT,https://solscan.io/tx/458TxLGs8nievHLQw8caaH5BptFSVzeqSeC65USM2gF9bwC4byu7FiAxR2YCPYJfsjJnZx57MTd21WWzcpdymdDT,solana_blockchain,9Be37npkkAwpwPzjLnDKt6opz5fSuYHriykYXyMeAyad
2022-03-26 21:44:48,TRANSFER,4364.838655,MER,,,,,,bubv2nWFmbbWfFx7zLXy5W6XbgL5wncZxxQr55HRgBBJX7TQEBtbvJGDSqZZWuekox9mPERC8hr3rH8yk6VmzoU,https://solscan.io/tx/bubv2nWFmbbWfFx7zLXy5W6XbgL5wncZxxQr55HRgBBJX7TQEBtbvJGDSqZZWuekox9mPERC8hr3rH8yk6VmzoU,solana_blockchain,9Be37npkkAwpwPzjLnDKt6opz5fSuYHriykYXyMeAyad
2022-03-26 21:44:39,_UNKNOWN,4621.79527,MER,,,,,,4SEz7F19wpTyUf5HqsC8ib5Bm4tyFhgngFri5BXWiRQBnyEZGT1cyX5jDR2RtzkMjRKvAa5SEi14Yz6HVjvstXhC,https://solscan.io/tx/4SEz7F19wpTyUf5HqsC8ib5Bm4tyFhgngFri5BXWiRQBnyEZGT1cyX5jDR2RtzkMjRKvAa5SEi14Yz6HVjvstXhC,solana_blockchain,9Be37npkkAwpwPzjLnDKt6opz5fSuYHriykYXyMeAyad
2022-03-26 21:44:28,_UNKNOWN,4368.582655,MER,,,,,,39nW1KfRQXMmPAVjs29w2AA9MyYh63pmBEo1r11bzyX8uKqpnTM9yXZ1jxjZptwVkqqH9dLriCL1LqEqcet6eqt3,https://solscan.io/tx/39nW1KfRQXMmPAVjs29w2AA9MyYh63pmBEo1r11bzyX8uKqpnTM9yXZ1jxjZptwVkqqH9dLriCL1LqEqcet6eqt3,solana_blockchain,9Be37npkkAwpwPzjLnDKt6opz5fSuYHriykYXyMeAyad
2022-03-26 21:44:03,_UNKNOWN,1006.191160525,MNDE,,,,,,5WkHgaTWyxtDUDb8hRcJTeF8eJvzuab6j8vFrL95aLo3j3qy1C5mRJegZPdNrmg7pXdpRRSKJkYakpjaT4mU6cLQ,https://solscan.io/tx/5WkHgaTWyxtDUDb8hRcJTeF8eJvzuab6j8vFrL95aLo3j3qy1C5mRJegZPdNrmg7pXdpRRSKJkYakpjaT4mU6cLQ,solana_blockchain,9Be37npkkAwpwPzjLnDKt6opz5fSuYHriykYXyMeAyad
2022-03-26 21:43:41,TRANSFER,4362.624873,MER,,,,,,3pwrq8KgH99RxeGouMC5XdA7rR1hLwGdC9yqc85wZ46Zm7G3zWyK5Uf7rZrRNamR8Cyqf1ezPLkoktkTo3zwKzfV,https://solscan.io/tx/3pwrq8KgH99RxeGouMC5XdA7rR1hLwGdC9yqc85wZ46Zm7G3zWyK5Uf7rZrRNamR8Cyqf1ezPLkoktkTo3zwKzfV,solana_blockchain,9Be37npkkAwpwPzjLnDKt6opz5fSuYHriykYXyMeAyad
2022-03-26 21:43:31,_UNKNOWN,4439.395088,MER,,,,,,2vaLbjnitYKKoDcieJEsPChGBbt25HmAKp8SqAbYPtNsyqSMK1B6zCHuzPiruPjpcJnu5ThQ8L2cGwJjyFkBVXGJ,https://solscan.io/tx/2vaLbjnitYKKoDcieJEsPChGBbt25HmAKp8SqAbYPtNsyqSMK1B6zCHuzPiruPjpcJnu5ThQ8L2cGwJjyFkBVXGJ,solana_blockchain,9Be37npkkAwpwPzjLnDKt6opz5fSuYHriykYXyMeAyad
2022-03-26 21:43:30,_UNKNOWN,1006.976694705,MNDE,,,,,,zQNksxVPcp4xt9VxycdCenZvhkxHPcSSv3yPCRqAe3wUcdBJE1Xy6PXPgArB8QP6k2A1HvNUppcNMXvKysgpfxy,https://solscan.io/tx/zQNksxVPcp4xt9VxycdCenZvhkxHPcSSv3yPCRqAe3wUcdBJE1Xy6PXPgArB8QP6k2A1HvNUppcNMXvKysgpfxy,solana_blockchain,9Be37npkkAwpwPzjLnDKt6opz5fSuYHriykYXyMeAyad
2022-03-26 21:43:28,_UNKNOWN,4502.299064,MER,,,,,,A5dW7diZQTuLpnwn3fNYX87ZarzsjLM3vZoskm3Cf7KJt963gV2pKWvzLHv9hRCt7it21abBDLr1qFGXeLDCm6U,https://solscan.io/tx/A5dW7diZQTuLpnwn3fNYX87ZarzsjLM3vZoskm3Cf7KJt963gV2pKWvzLHv9hRCt7it21abBDLr1qFGXeLDCm6U,solana_blockchain,9Be37npkkAwpwPzjLnDKt6opz5fSuYHriykYXyMeAyad
2022-03-26 21:43:19,_UNKNOWN,1011.763620284,MNDE,,,,,,5AcNw2dGt2yoRAXjNtRPVjDNtjVk4T9pHJSoPCFSHmQ6agQUETrjPvgPsjU31ZCnxTmtF7niwfaaSPgZyhTrjGTn,https://solscan.io/tx/5AcNw2dGt2yoRAXjNtRPVjDNtjVk4T9pHJSoPCFSHmQ6agQUETrjPvgPsjU31ZCnxTmtF7niwfaaSPgZyhTrjGTn,solana_blockchain,9Be37npkkAwpwPzjLnDKt6opz5fSuYHriykYXyMeAyad
2022-03-26 21:43:14,_UNKNOWN,1006.615361129,MNDE,,,,,,52XpYxh6ydMYMiVvedt2jW2FRYL93RoNWDgFGNbseBQ5o4GYgRewyp9BWvakcYsYmMvPhcoFRpd7ukhqc3U6QSHP,https://solscan.io/tx/52XpYxh6ydMYMiVvedt2jW2FRYL93RoNWDgFGNbseBQ5o4GYgRewyp9BWvakcYsYmMvPhcoFRpd7ukhqc3U6QSHP,solana_blockchain,9Be37npkkAwpwPzjLnDKt6opz5fSuYHriykYXyMeAyad
2022-03-26 21:43:00,TRANSFER,4528.020323,MER,,,,,,5oZ4TNdoJCCHiJQkchCZ72eF98f8oCZcxbNVD9Ycbu67wqG44zhqaJYxj5FnTkTKmQLAc5BMrpdpz4gFxYFv2MbD,https://solscan.io/tx/5oZ4TNdoJCCHiJQkchCZ72eF98f8oCZcxbNVD9Ycbu67wqG44zhqaJYxj5FnTkTKmQLAc5BMrpdpz4gFxYFv2MbD,solana_blockchain,9Be37npkkAwpwPzjLnDKt6opz5fSuYHriykYXyMeAyad
2022-03-26 21:42:59,_UNKNOWN,1031.865298335,MNDE,,,,,,4GzTh1PJ1coCieEZ8Wx4W6GDd5mhNaojprNTDHUqUAzxLWq283uWUYZdqUZPDAY4AW5ExhEaUu13s6UkB3tAgKVZ,https://solscan.io/tx/4GzTh1PJ1coCieEZ8Wx4W6GDd5mhNaojprNTDHUqUAzxLWq283uWUYZdqUZPDAY4AW5ExhEaUu13s6UkB3tAgKVZ,solana_blockchain,9Be37npkkAwpwPzjLnDKt6opz5fSuYHriykYXyMeAyad
2022-03-26 21:42:56,_UNKNOWN,1011.769675743,MNDE,,,,,,311rbbUVuDedBpkjGcSn9rTZbaLaWM3J8cdf61QLBupkNhHFDPuyxgW6fGVVSkazrXhgQXHH4cFaPd4kEC6pVVwp,https://solscan.io/tx/311rbbUVuDedBpkjGcSn9rTZbaLaWM3J8cdf61QLBupkNhHFDPuyxgW6fGVVSkazrXhgQXHH4cFaPd4kEC6pVVwp,solana_blockchain,9Be37npkkAwpwPzjLnDKt6opz5fSuYHriykYXyMeAyad
2022-03-26 21:42:52,_UNKNOWN,4587.258047,MER,,,,,,3c5AfCcVdbRimh3f2E3kysVXYP81AJyKKHwcK9AJtaS812n6ijBokvzuzYRMzu2gZYtvxemGwdn3Hirs7QuZQo48,https://solscan.io/tx/3c5AfCcVdbRimh3f2E3kysVXYP81AJyKKHwcK9AJtaS812n6ijBokvzuzYRMzu2gZYtvxemGwdn3Hirs7QuZQo48,solana_blockchain,9Be37npkkAwpwPzjLnDKt6opz5fSuYHriykYXyMeAyad
2022-03-26 21:42:14,TRANSFER,974.812663865,MNDE,,,,,,3Lu4Np7xVHu8iDtEvsWeTb8P3zNVa7rvc1aKDHRo3k8R1dj4rtKRgK8brB9n42AyGKKCFGCSkgkk4kzfzpAV2A5S,https://solscan.io/tx/3Lu4Np7xVHu8iDtEvsWeTb8P3zNVa7rvc1aKDHRo3k8R1dj4rtKRgK8brB9n42AyGKKCFGCSkgkk4kzfzpAV2A5S,solana_blockchain,9Be37npkkAwpwPzjLnDKt6opz5fSuYHriykYXyMeAyad
2022-03-26 21:42:14,TRANSFER,4503.420475,MER,,,,,,5gXNqNd3np95LQVrTQ7wM1j7C8fB43AdiG5TWC7JgqfL46P5r5HQCU64U1GzA6pKMbZ8mseFVJbhgJK16YtdQNvT,https://solscan.io/tx/5gXNqNd3np95LQVrTQ7wM1j7C8fB43AdiG5TWC7JgqfL46P5r5HQCU64U1GzA6pKMbZ8mseFVJbhgJK16YtdQNvT,solana_blockchain,9Be37npkkAwpwPzjLnDKt6opz5fSuYHriykYXyMeAyad
2022-03-26 21:42:14,TRANSFER,976.303478258,MNDE,,,,,,4h7Cyo4kncCvMVyqypz5cjXMrmqJRJbCemNJmUUaX2CeYhzLg754VopAtZjiRs4UB6ZypsT9SLtkRH1hP1JWoGZK,https://solscan.io/tx/4h7Cyo4kncCvMVyqypz5cjXMrmqJRJbCemNJmUUaX2CeYhzLg754VopAtZjiRs4UB6ZypsT9SLtkRH1hP1JWoGZK,solana_blockchain,9Be37npkkAwpwPzjLnDKt6opz5fSuYHriykYXyMeAyad
2022-03-26 21:42:08,TRANSFER,4503.59335,MER,,,,,,52TkQpyNwCqHWkwwjSa8261DtZNt2Gb31QJhKi9RP4roQhwqKxp3rJqurkHZ2M8ak4drHRDX9vVqWVDaYeEUDJPw,https://solscan.io/tx/52TkQpyNwCqHWkwwjSa8261DtZNt2Gb31QJhKi9RP4roQhwqKxp3rJqurkHZ2M8ak4drHRDX9vVqWVDaYeEUDJPw,solana_blockchain,9Be37npkkAwpwPzjLnDKt6opz5fSuYHriykYXyMeAyad
2022-03-26 21:42:08,TRANSFER,991.966689082,MNDE,,,,,,LmM7rc1eMAjvKR8TegnTLDF1peEm8k5VwVokNHXvjsWUqUarSYrdJveF49mqMpoZn8fvrJjZdddLoRkkYX7JVPF,https://solscan.io/tx/LmM7rc1eMAjvKR8TegnTLDF1peEm8k5VwVokNHXvjsWUqUarSYrdJveF49mqMpoZn8fvrJjZdddLoRkkYX7JVPF,solana_blockchain,9Be37npkkAwpwPzjLnDKt6opz5fSuYHriykYXyMeAyad
2022-03-26 21:41:37,_UNKNOWN,4398.868649,MER,,,,,,3VZUDi6vgB1yhxYr1XRuVqdzcd12mLTq7VoVHCnTdDMv7BAN1ePsS4w1dAE74moyt2CmwLskir3H4BZLSqQMeyQ8,https://solscan.io/tx/3VZUDi6vgB1yhxYr1XRuVqdzcd12mLTq7VoVHCnTdDMv7BAN1ePsS4w1dAE74moyt2CmwLskir3H4BZLSqQMeyQ8,solana_blockchain,9Be37npkkAwpwPzjLnDKt6opz5fSuYHriykYXyMeAyad
2022-03-26 21:41:36,_UNKNOWN,1012.402673842,MNDE,,,,,,5oKixEGJmEbfJmFFdQe1tq2q1GK2bvxoQ8SJG84ztiUxcTYU9Udwdg7TSiFpGvt5sr452fME6fjbiBKRQg77drva,https://solscan.io/tx/5oKixEGJmEbfJmFFdQe1tq2q1GK2bvxoQ8SJG84ztiUxcTYU9Udwdg7TSiFpGvt5sr452fME6fjbiBKRQg77drva,solana_blockchain,9Be37npkkAwpwPzjLnDKt6opz5fSuYHriykYXyMeAyad
2022-03-26 21:41:28,TRANSFER,982.105830913,MNDE,,,,,,5vGG7dgo3Lt8NQT246bFchnqbMgy2DU9Z7CHPGCrie3Piqj3LgQxWoEfXEvC3zDm3NMP6CDHsNSYWYVFLW7bmkRK,https://solscan.io/tx/5vGG7dgo3Lt8NQT246bFchnqbMgy2DU9Z7CHPGCrie3Piqj3LgQxWoEfXEvC3zDm3NMP6CDHsNSYWYVFLW7bmkRK,solana_blockchain,9Be37npkkAwpwPzjLnDKt6opz5fSuYHriykYXyMeAyad
2022-03-26 21:41:28,TRANSFER,4369.296785,MER,,,,,,31Lm5DyWdE2g7mdcYsPFKZ2nPhR3KPoV2M3kt3eRvuzrigdRyE7EopqSWj9rECw1P3kto5gbB5sqcoZwBa66JqgM,https://solscan.io/tx/31Lm5DyWdE2g7mdcYsPFKZ2nPhR3KPoV2M3kt3eRvuzrigdRyE7EopqSWj9rECw1P3kto5gbB5sqcoZwBa66JqgM,solana_blockchain,9Be37npkkAwpwPzjLnDKt6opz5fSuYHriykYXyMeAyad
2022-03-26 21:41:16,TRANSFER,4617.955207,MER,,,,,,2giXGFfTZsMJpP4UGHqEL6aXFeQZBdRfMBGhWLAjGcvYFw6DbgKTLAvriXp8dXBB3r6nEnRaLu9KC2HDpPjz9aBK,https://solscan.io/tx/2giXGFfTZsMJpP4UGHqEL6aXFeQZBdRfMBGhWLAjGcvYFw6DbgKTLAvriXp8dXBB3r6nEnRaLu9KC2HDpPjz9aBK,solana_blockchain,9Be37npkkAwpwPzjLnDKt6opz5fSuYHriykYXyMeAyad
2022-03-26 21:41:16,TRANSFER,975.83104448,MNDE,,,,,,3wkgR5cmVjeUi54X2XRHngmDzZpya9RaCXV3XNY2LJZvoPBJkz3vZ5ynorYvjRCt4a8XMZVqTyxSJUp5cw4ncmy7,https://solscan.io/tx/3wkgR5cmVjeUi54X2XRHngmDzZpya9RaCXV3XNY2LJZvoPBJkz3vZ5ynorYvjRCt4a8XMZVqTyxSJUp5cw4ncmy7,solana_blockchain,9Be37npkkAwpwPzjLnDKt6opz5fSuYHriykYXyMeAyad
2022-03-26 21:41:11,_UNKNOWN,4407.562353,MER,,,,,,2Ccn7GRsWNWLxUUeiz6QCDDbjgGmScmRFKhvJEE3gVsurkCepQYPu4ENBdB6hFM6zKMRYxDN2NKSXjZ4jE8CQiZZ,https://solscan.io/tx/2Ccn7GRsWNWLxUUeiz6QCDDbjgGmScmRFKhvJEE3gVsurkCepQYPu4ENBdB6hFM6zKMRYxDN2NKSXjZ4jE8CQiZZ,solana_blockchain,9Be37npkkAwpwPzjLnDKt6opz5fSuYHriykYXyMeAyad
2022-03-26 21:41:10,_UNKNOWN,1006.272929137,MNDE,,,,,,2SCBrgYpUaRJ5SZdXA1AvW1gAnZhMtmdjvuf1LzLF7oPVCs5PNMt2GkgTqksAjTRAZkaTwn7HnqCrSP3myUk98re,https://solscan.io/tx/2SCBrgYpUaRJ5SZdXA1AvW1gAnZhMtmdjvuf1LzLF7oPVCs5PNMt2GkgTqksAjTRAZkaTwn7HnqCrSP3myUk98re,solana_blockchain,9Be37npkkAwpwPzjLnDKt6opz5fSuYHriykYXyMeAyad
2022-03-26 21:41:09,_UNKNOWN,1006.311608216,MNDE,,,,,,V7VUmTAMyMqY2ooeV5TQ9RxyD3LRxpkr8BXtf52W9HkJdQrdEQwqNgrdKwMEgVVE5GHQgwL6Y5XCqwwTYVvFQPJ,https://solscan.io/tx/V7VUmTAMyMqY2ooeV5TQ9RxyD3LRxpkr8BXtf52W9HkJdQrdEQwqNgrdKwMEgVVE5GHQgwL6Y5XCqwwTYVvFQPJ,solana_blockchain,9Be37npkkAwpwPzjLnDKt6opz5fSuYHriykYXyMeAyad
2022-03-26 21:41:09,_UNKNOWN,4503.593578,MER,,,,,,2Fkyq1jWnnfzsruVU511P4gjESn3RPSNLfrTXcVhxGttdgTSuZCspofY5hAAGMyRfxjqvw7BLioyKTUJobWhP6Wj,https://solscan.io/tx/2Fkyq1jWnnfzsruVU511P4gjESn3RPSNLfrTXcVhxGttdgTSuZCspofY5hAAGMyRfxjqvw7BLioyKTUJobWhP6Wj,solana_blockchain,9Be37npkkAwpwPzjLnDKt6opz5fSuYHriykYXyMeAyad
2022-03-26 21:41:08,TRANSFER,4505.406186,MER,,,,,,5mv1MEfRYxz5rnyPbcAQtAZo93ixemxSMXk9GNChAWe5SjSmwoM1kvSkZhUFQtS8ACfv2fWoVERtksjMqDHbmZ3G,https://solscan.io/tx/5mv1MEfRYxz5rnyPbcAQtAZo93ixemxSMXk9GNChAWe5SjSmwoM1kvSkZhUFQtS8ACfv2fWoVERtksjMqDHbmZ3G,solana_blockchain,9Be37npkkAwpwPzjLnDKt6opz5fSuYHriykYXyMeAyad
2022-03-26 21:41:08,TRANSFER,1006.716629038,MNDE,,,,,,4ma8XiZkkkbG3aXmf2FoDM9B7dmCL3aUg93Ubg3zmdM4AxvHv7Tqkkpo27ghziiTzMXC9EWKFcXXwPfy28wVYrsq,https://solscan.io/tx/4ma8XiZkkkbG3aXmf2FoDM9B7dmCL3aUg93Ubg3zmdM4AxvHv7Tqkkpo27ghziiTzMXC9EWKFcXXwPfy28wVYrsq,solana_blockchain,9Be37npkkAwpwPzjLnDKt6opz5fSuYHriykYXyMeAyad
2022-03-26 21:41:07,_UNKNOWN,1032.72334645,MNDE,,,,,,3uRKVBsEo1fQerH9GD5FMHjhn84UruXxT6z7Af8oLhrzw92BSASP2fWPc11cE2mC6y5E9wcYhfEPVhg9iG7P3PUV,https://solscan.io/tx/3uRKVBsEo1fQerH9GD5FMHjhn84UruXxT6z7Af8oLhrzw92BSASP2fWPc11cE2mC6y5E9wcYhfEPVhg9iG7P3PUV,solana_blockchain,9Be37npkkAwpwPzjLnDKt6opz5fSuYHriykYXyMeAyad
2022-03-26 21:41:07,TRANSFER,1008.232929113,MNDE,,,,,,4sHuLoznWF3z7MMS6HL3kx2QLT4jYhiDJHBaCpkktLuTex2tG3BNVmoRmmn1YyKr6yYyfGHeS5kFk26XaiNQ8AiQ,https://solscan.io/tx/4sHuLoznWF3z7MMS6HL3kx2QLT4jYhiDJHBaCpkktLuTex2tG3BNVmoRmmn1YyKr6yYyfGHeS5kFk26XaiNQ8AiQ,solana_blockchain,9Be37npkkAwpwPzjLnDKt6opz5fSuYHriykYXyMeAyad
2022-03-26 21:41:07,TRANSFER,4512.192155,MER,,,,,,7EpnAtm4TT4QDYNL3cqNpBgYvT46pUW87iPSfkeqaaFcgvWgtKQT9dUgCUern2BMU6ts2C5TSXAkXRPoJwHfkJq,https://solscan.io/tx/7EpnAtm4TT4QDYNL3cqNpBgYvT46pUW87iPSfkeqaaFcgvWgtKQT9dUgCUern2BMU6ts2C5TSXAkXRPoJwHfkJq,solana_blockchain,9Be37npkkAwpwPzjLnDKt6opz5fSuYHriykYXyMeAyad
2022-03-26 21:41:06,TRANSFER,1025.006129732,MNDE,,,,,,3Q9eHcERryR82Q4NDzZTTzoV9qWZhmJQQnsdpasybuhuxbRXYpqmC1TzeaBGo1dkerg354Yiw69RbxG2tVZczzLU,https://solscan.io/tx/3Q9eHcERryR82Q4NDzZTTzoV9qWZhmJQQnsdpasybuhuxbRXYpqmC1TzeaBGo1dkerg354Yiw69RbxG2tVZczzLU,solana_blockchain,9Be37npkkAwpwPzjLnDKt6opz5fSuYHriykYXyMeAyad
2022-03-26 21:40:33,_UNKNOWN,0.004317159999999376,SOL,,,,,,2PfwygYvbZWvbsP2hmUN3faujBxoLTXtHaH6rb4bcKnM9bc1s9XRRCL2B5tubnWJH11s4Jw8viRpC9FAj5x5sZ1M,https://solscan.io/tx/2PfwygYvbZWvbsP2hmUN3faujBxoLTXtHaH6rb4bcKnM9bc1s9XRRCL2B5tubnWJH11s4Jw8viRpC9FAj5x5sZ1M,solana_blockchain,9Be37npkkAwpwPzjLnDKt6opz5fSuYHriykYXyMeAyad
2022-03-26 21:34:49,_UNKNOWN,,,201.00201644,SOL,,,,2tXyRpenScJ2Xisob9Y2sKLGJ2BFjrhn5CCg3snj1CvjyjuFPqHZQASwKBXABFrf2drXmb6whShW6gwAicoxmdjd,https://solscan.io/tx/2tXyRpenScJ2Xisob9Y2sKLGJ2BFjrhn5CCg3snj1CvjyjuFPqHZQASwKBXABFrf2drXmb6whShW6gwAicoxmdjd,solana_blockchain,9Be37npkkAwpwPzjLnDKt6opz5fSuYHriykYXyMeAyad
2022-03-26 21:33:29,_UNKNOWN,,,0.006376439999996819,SOL,,,,3D7peaEX5rMZSfbGM7PZ96VMbP9iyfAi6PDYK3MfrxeK9RVYs2wSLC4thQ1uPQ1fBxC6dF7Wz9JQ4pNWYFgEMaK8,https://solscan.io/tx/3D7peaEX5rMZSfbGM7PZ96VMbP9iyfAi6PDYK3MfrxeK9RVYs2wSLC4thQ1uPQ1fBxC6dF7Wz9JQ4pNWYFgEMaK8,solana_blockchain,9Be37npkkAwpwPzjLnDKt6opz5fSuYHriykYXyMeAyad
2022-03-26 21:17:37,TRANSFER,377.36911788,SOL,,,,,,2v4hTxFT7oUL8Yo7oY5G9ntPoSXv7wvg2AXiXmdZ1c4oTJUqdJbian4nNWBzz3NLsYasjhctoZpnqgojoNHbP5ou,https://solscan.io/tx/2v4hTxFT7oUL8Yo7oY5G9ntPoSXv7wvg2AXiXmdZ1c4oTJUqdJbian4nNWBzz3NLsYasjhctoZpnqgojoNHbP5ou,solana_blockchain,9Be37npkkAwpwPzjLnDKt6opz5fSuYHriykYXyMeAyad
2022-03-26 17:36:39,_UNKNOWN,,,0.006376439999996819,SOL,,,,4syhaRhwFX4ehjmnZcBRo9BmPBjR4CfWST1YsuNXA8fXYqrsLi4TYqHoHL71B8fCiA5NwpXQg3LoRLgX75sgRXZT,https://solscan.io/tx/4syhaRhwFX4ehjmnZcBRo9BmPBjR4CfWST1YsuNXA8fXYqrsLi4TYqHoHL71B8fCiA5NwpXQg3LoRLgX75sgRXZT,solana_blockchain,9Be37npkkAwpwPzjLnDKt6opz5fSuYHriykYXyMeAyad
2022-03-18 12:34:59,TRANSFER,1.0,SCAM,,,,,,3fpJBVUjkvgLfvMf2Y8DLs9QUP2gEWLuozT8VVeX7sPXx4utDDzzTPem4Eo6gwnCqqYWXCSYfwnksiPmfzHySURj,https://solscan.io/tx/3fpJBVUjkvgLfvMf2Y8DLs9QUP2gEWLuozT8VVeX7sPXx4utDDzzTPem4Eo6gwnCqqYWXCSYfwnksiPmfzHySURj,solana_blockchain,9Be37npkkAwpwPzjLnDKt6opz5fSuYHriykYXyMeAyad
2022-03-17 16:33:58,TRANSFER,1.0,SCAM,,,,,,3ZXY5t5n61jbuC8aoG68u2MuRqnUuNuwB8XeRGChczXPYa2pcg78ZExkuX6JeuGee1Q3L68eoH46NLLfGKAcyvgr,https://solscan.io/tx/3ZXY5t5n61jbuC8aoG68u2MuRqnUuNuwB8XeRGChczXPYa2pcg78ZExkuX6JeuGee1Q3L68eoH46NLLfGKAcyvgr,solana_blockchain,9Be37npkkAwpwPzjLnDKt6opz5fSuYHriykYXyMeAyad
2022-03-17 16:33:26,SPEND,,,0.000005000,SOL,,,fee for _INIT_ACCOUNT,3ToQNMPVveASuSrqnRKdHeaYUPvkBu2asexXdFNCH9a26w3E7pR2te4PpMCiMnZ8cqJtbxJdmGm8nVPtDEiFGbKL,https://solscan.io/tx/3ToQNMPVveASuSrqnRKdHeaYUPvkBu2asexXdFNCH9a26w3E7pR2te4PpMCiMnZ8cqJtbxJdmGm8nVPtDEiFGbKL,solana_blockchain,9Be37npkkAwpwPzjLnDKt6opz5fSuYHriykYXyMeAyad
2022-03-01 00:52:46,TRANSFER,,,19185.821838,USDC,0.00204428,SOL,,58kLNpkbW8NSj6eEiQxBJUuHXR7Mag36SAr1LfccToBL82JJmEFY762ZT2zG2j2CTVkx1PZuFphmSwNc1VAVfLJq,https://solscan.io/tx/58kLNpkbW8NSj6eEiQxBJUuHXR7Mag36SAr1LfccToBL82JJmEFY762ZT2zG2j2CTVkx1PZuFphmSwNc1VAVfLJq,solana_blockchain,9Be37npkkAwpwPzjLnDKt6opz5fSuYHriykYXyMeAyad
2022-03-01 00:29:06,_UNKNOWN,15965.523535,USDC,127782.6,MER,0.000005000,SOL,,58up3czKdSLbxgdHa5CBPBD9qfeGfnbgsQBPm3YL5tWZL2DyCVkR3tSriXHGGvu95kn1W1W7Hak6PiQUF9uctbxi,https://solscan.io/tx/58up3czKdSLbxgdHa5CBPBD9qfeGfnbgsQBPm3YL5tWZL2DyCVkR3tSriXHGGvu95kn1W1W7Hak6PiQUF9uctbxi,solana_blockchain,9Be37npkkAwpwPzjLnDKt6opz5fSuYHriykYXyMeAyad
2022-03-01 00:27:14,_UNKNOWN,3220.298303,USDC,29057.214616692,MNDE,0.000005000,SOL,,3EsGsp2LhtSxnRxWeJGLWUKiRYRinb5KiRi3anBDyTgwndUdPaLJ9xZosKGEosbppCvNtAMU7poZCj7RSivTLKTb,https://solscan.io/tx/3EsGsp2LhtSxnRxWeJGLWUKiRYRinb5KiRi3anBDyTgwndUdPaLJ9xZosKGEosbppCvNtAMU7poZCj7RSivTLKTb,solana_blockchain,9Be37npkkAwpwPzjLnDKt6opz5fSuYHriykYXyMeAyad
2022-02-28 23:04:48,TRANSFER,876.230810803,MNDE,,,,,,31otPAaEUedSCiEprzfXe1RpQgyd9aJLmQVHokWpZVZFWtEvGfUTTMjRSKd7ViK55959cy1mV5VYNG36drowLghX,https://solscan.io/tx/31otPAaEUedSCiEprzfXe1RpQgyd9aJLmQVHokWpZVZFWtEvGfUTTMjRSKd7ViK55959cy1mV5VYNG36drowLghX,solana_blockchain,9Be37npkkAwpwPzjLnDKt6opz5fSuYHriykYXyMeAyad
2022-02-28 23:04:19,TRANSFER,4285.191535,MER,,,,,,5zfNpVdrhZKnEZtV3hUbwL2Midhw2hHUmyc486ByixkiLVo91SAY6DovePooc3Qc9QRMHXcBypLRBprZRVL9CVm6,https://solscan.io/tx/5zfNpVdrhZKnEZtV3hUbwL2Midhw2hHUmyc486ByixkiLVo91SAY6DovePooc3Qc9QRMHXcBypLRBprZRVL9CVm6,solana_blockchain,9Be37npkkAwpwPzjLnDKt6opz5fSuYHriykYXyMeAyad
2022-02-28 23:04:19,TRANSFER,965.375133506,MNDE,,,,,,2YDDCu6CCcHsoX6rvvBwGy1mCKG77eXK6GZ5TA18vJuxHLZDYPTMuFBQURHwPdas9HeC9bsUL2s6dXQRSxXr2ckd,https://solscan.io/tx/2YDDCu6CCcHsoX6rvvBwGy1mCKG77eXK6GZ5TA18vJuxHLZDYPTMuFBQURHwPdas9HeC9bsUL2s6dXQRSxXr2ckd,solana_blockchain,9Be37npkkAwpwPzjLnDKt6opz5fSuYHriykYXyMeAyad
2022-02-28 23:04:04,TRANSFER,4941.13326,MER,,,,,,5B2ShH7qjz3Z4uVP8X4vqN2WkK1UMYrzWJauayE6sagW88vCkgsPpAgduDGNCSg3ZzVGcpPsbGbZgCLG6suakxmJ,https://solscan.io/tx/5B2ShH7qjz3Z4uVP8X4vqN2WkK1UMYrzWJauayE6sagW88vCkgsPpAgduDGNCSg3ZzVGcpPsbGbZgCLG6suakxmJ,solana_blockchain,9Be37npkkAwpwPzjLnDKt6opz5fSuYHriykYXyMeAyad
2022-02-28 23:04:04,TRANSFER,1010.413391447,MNDE,,,,,,5ThURh8NhN3MVWPiCpqa1AN5FZYfbMSSeN7Bu4mwa9n48moXCXcFzdXH5EfAPbV4YvrMe2NnD8idWmq6tUrVD2G5,https://solscan.io/tx/5ThURh8NhN3MVWPiCpqa1AN5FZYfbMSSeN7Bu4mwa9n48moXCXcFzdXH5EfAPbV4YvrMe2NnD8idWmq6tUrVD2G5,solana_blockchain,9Be37npkkAwpwPzjLnDKt6opz5fSuYHriykYXyMeAyad
2022-02-28 23:04:04,TRANSFER,4933.036888,MER,,,,,,4zF3bqgp8JtXnUuv2cahJVib1qdGwcnxHHN2koS5e2aJ2TfpVBZMSWfMLygWWTtXDWPZxx4et9uCmwCU3fRQ8F7,https://solscan.io/tx/4zF3bqgp8JtXnUuv2cahJVib1qdGwcnxHHN2koS5e2aJ2TfpVBZMSWfMLygWWTtXDWPZxx4et9uCmwCU3fRQ8F7,solana_blockchain,9Be37npkkAwpwPzjLnDKt6opz5fSuYHriykYXyMeAyad
2022-02-28 23:04:04,TRANSFER,4943.871393,MER,,,,,,mSZzc5eVqjkRxtgCAdhvsycawXc4HrYFYqt5yECL7Uc6HQr7VPhiEHMe3jAYDLrs5ZtxpDK64Rtxf3TxirKw7Km,https://solscan.io/tx/mSZzc5eVqjkRxtgCAdhvsycawXc4HrYFYqt5yECL7Uc6HQr7VPhiEHMe3jAYDLrs5ZtxpDK64Rtxf3TxirKw7Km,solana_blockchain,9Be37npkkAwpwPzjLnDKt6opz5fSuYHriykYXyMeAyad
2022-02-28 23:04:04,TRANSFER,1012.071737533,MNDE,,,,,,5BY5A33UNUmYy6SxQRhW3KV3KnCQCb9hLqpjWQAJ9jX3r6UyuFCpNjqD4qZyxRv7kNDkH6KDPcpfYG5vYsoH9Ssh,https://solscan.io/tx/5BY5A33UNUmYy6SxQRhW3KV3KnCQCb9hLqpjWQAJ9jX3r6UyuFCpNjqD4qZyxRv7kNDkH6KDPcpfYG5vYsoH9Ssh,solana_blockchain,9Be37npkkAwpwPzjLnDKt6opz5fSuYHriykYXyMeAyad
2022-02-28 23:04:00,TRANSFER,1013.220754712,MNDE,,,,,,2DAKiJ1zcQKHa5poWgs6dmLPdXETtSqyPBakZsEh8xCMLGVRWasqnvoweFUeK5qHHP2Lg8VFHqsXYDWsJGZeVMa,https://solscan.io/tx/2DAKiJ1zcQKHa5poWgs6dmLPdXETtSqyPBakZsEh8xCMLGVRWasqnvoweFUeK5qHHP2Lg8VFHqsXYDWsJGZeVMa,solana_blockchain,9Be37npkkAwpwPzjLnDKt6opz5fSuYHriykYXyMeAyad
2022-02-28 23:04:00,TRANSFER,1012.822916052,MNDE,,,,,,3FasSwayrMfbVjFd3MCkaawSh92TPLXBmAAcPqwV84fNEufTrPuFidRVwzcMUfRD8tsXjY2B6GUAjLiEmbMAvi2y,https://solscan.io/tx/3FasSwayrMfbVjFd3MCkaawSh92TPLXBmAAcPqwV84fNEufTrPuFidRVwzcMUfRD8tsXjY2B6GUAjLiEmbMAvi2y,solana_blockchain,9Be37npkkAwpwPzjLnDKt6opz5fSuYHriykYXyMeAyad
2022-02-28 23:04:00,TRANSFER,4894.80943,MER,,,,,,66NXJYMZQnwxMiA2mngjNFYJwiAJSNzNqCjXAhE83GSarz34Uz4Uzws8ziWisL7XYN9umi8HgZ58iLS7wRAbo3kM,https://solscan.io/tx/66NXJYMZQnwxMiA2mngjNFYJwiAJSNzNqCjXAhE83GSarz34Uz4Uzws8ziWisL7XYN9umi8HgZ58iLS7wRAbo3kM,solana_blockchain,9Be37npkkAwpwPzjLnDKt6opz5fSuYHriykYXyMeAyad
2022-02-28 23:03:51,TRANSFER,4807.665648,MER,,,,,,4wDiBe52r3LDSmDjVJCHxHkwmyzWMLbwtTozd466WnQCCxGywKBUdukd9ufnArJcWWdCuQWdRtcaebFto4ywd6xd,https://solscan.io/tx/4wDiBe52r3LDSmDjVJCHxHkwmyzWMLbwtTozd466WnQCCxGywKBUdukd9ufnArJcWWdCuQWdRtcaebFto4ywd6xd,solana_blockchain,9Be37npkkAwpwPzjLnDKt6opz5fSuYHriykYXyMeAyad
2022-02-28 23:03:49,TRANSFER,4407.354161,MER,,,,,,vr7qxMdoyAaf129jma6PBzUXzS4G9ofjfntC6cLCY8P263KRC7ZNNP49QcDbXkPkxk7syYTZRPLSfDzXpXvJKgu,https://solscan.io/tx/vr7qxMdoyAaf129jma6PBzUXzS4G9ofjfntC6cLCY8P263KRC7ZNNP49QcDbXkPkxk7syYTZRPLSfDzXpXvJKgu,solana_blockchain,9Be37npkkAwpwPzjLnDKt6opz5fSuYHriykYXyMeAyad
2022-02-28 23:03:46,TRANSFER,4394.490573,MER,,,,,,4Jg5wfeTBktjpq2Q9vTwDTWk8nmTWSHDZnBZUAQLvRvjMCNk6fVagZfewKTtzhecVKmDPYripfESUAUcgCb55VMj,https://solscan.io/tx/4Jg5wfeTBktjpq2Q9vTwDTWk8nmTWSHDZnBZUAQLvRvjMCNk6fVagZfewKTtzhecVKmDPYripfESUAUcgCb55VMj,solana_blockchain,9Be37npkkAwpwPzjLnDKt6opz5fSuYHriykYXyMeAyad
2022-02-28 23:03:33,TRANSFER,977.230834703,MNDE,,,,,,4VfT4R9ofJtWuEdEHmuEntu4fMHSSbxo1WESGMwtyvtpz9x93uBRWJweSFLQChR3AMPDvarYecjotNxzUysYvPqL,https://solscan.io/tx/4VfT4R9ofJtWuEdEHmuEntu4fMHSSbxo1WESGMwtyvtpz9x93uBRWJweSFLQChR3AMPDvarYecjotNxzUysYvPqL,solana_blockchain,9Be37npkkAwpwPzjLnDKt6opz5fSuYHriykYXyMeAyad
2022-02-28 23:03:33,TRANSFER,982.911203832,MNDE,,,,,,5C17LuQKkYc8NGzk4G5ZgyjntNZ8Z68mcWoyxTqURdr7gTY8X5471aLYNKu5BRbeqyWJnxMpvtkXY5BDf2AF6qyC,https://solscan.io/tx/5C17LuQKkYc8NGzk4G5ZgyjntNZ8Z68mcWoyxTqURdr7gTY8X5471aLYNKu5BRbeqyWJnxMpvtkXY5BDf2AF6qyC,solana_blockchain,9Be37npkkAwpwPzjLnDKt6opz5fSuYHriykYXyMeAyad
2022-02-28 23:03:00,TRANSFER,876.411486081,MNDE,,,,,,4AxPLf7nt2vCUodvVLCRK3gMNcSKXvAL31HnNmysLudiaUEA4aZ7nr1ZmeKHxizs8MctRKEv2ApUzKMrFVdf5Gib,https://solscan.io/tx/4AxPLf7nt2vCUodvVLCRK3gMNcSKXvAL31HnNmysLudiaUEA4aZ7nr1ZmeKHxizs8MctRKEv2ApUzKMrFVdf5Gib,solana_blockchain,9Be37npkkAwpwPzjLnDKt6opz5fSuYHriykYXyMeAyad
2022-02-28 23:02:49,TRANSFER,4277.703797,MER,,,,,,5bWCmccxhhLpLwnandsfY1aFG1i4o5Uzjgapk9DSZh2rrLardBCFGxs3nNBJSuZg8Za6eFPfUGPNZqDKuD3i5wXp,https://solscan.io/tx/5bWCmccxhhLpLwnandsfY1aFG1i4o5Uzjgapk9DSZh2rrLardBCFGxs3nNBJSuZg8Za6eFPfUGPNZqDKuD3i5wXp,solana_blockchain,9Be37npkkAwpwPzjLnDKt6opz5fSuYHriykYXyMeAyad
2022-02-28 23:02:49,TRANSFER,876.4800837,MNDE,,,,,,3AH8zDV5iwES4dNUEhcAdoaGPABsH8rb4Aypf8oherTHUCRus15p4Dc6GjFDyfC7kv1dPNiUD42qVrPBcgh6RPxr,https://solscan.io/tx/3AH8zDV5iwES4dNUEhcAdoaGPABsH8rb4Aypf8oherTHUCRus15p4Dc6GjFDyfC7kv1dPNiUD42qVrPBcgh6RPxr,solana_blockchain,9Be37npkkAwpwPzjLnDKt6opz5fSuYHriykYXyMeAyad
2022-02-28 23:02:49,TRANSFER,4279.14814,MER,,,,,,YvkvdokZtcnUU3zFFRktCfuFtqjy1nudhBznhCjFDqt9BekGBMJtauY1ACJPQJqPLFjFTv5THYDEU4sWHNYyKUE,https://solscan.io/tx/YvkvdokZtcnUU3zFFRktCfuFtqjy1nudhBznhCjFDqt9BekGBMJtauY1ACJPQJqPLFjFTv5THYDEU4sWHNYyKUE,solana_blockchain,9Be37npkkAwpwPzjLnDKt6opz5fSuYHriykYXyMeAyad
2022-02-28 23:02:47,TRANSFER,1463.30023557,MNDE,,,,,,364vbf7iCccsSv95nHubFDePhSYaCPJWoCzVPSSXiXEkh8uxw6XiMZfHj5bgWV8CBzzifuVExqcL5tNRHUubzVDU,https://solscan.io/tx/364vbf7iCccsSv95nHubFDePhSYaCPJWoCzVPSSXiXEkh8uxw6XiMZfHj5bgWV8CBzzifuVExqcL5tNRHUubzVDU,solana_blockchain,9Be37npkkAwpwPzjLnDKt6opz5fSuYHriykYXyMeAyad
2022-02-28 23:02:46,TRANSFER,4964.039602,MER,,,,,,3sH2tGgRkFuQzfir6LjLTjDHw6cKuSC2Wdh5RvmghZ7BRA7UB6GxkY1uoY8ScF64jndAYyKJbutHJAxniJGevBuW,https://solscan.io/tx/3sH2tGgRkFuQzfir6LjLTjDHw6cKuSC2Wdh5RvmghZ7BRA7UB6GxkY1uoY8ScF64jndAYyKJbutHJAxniJGevBuW,solana_blockchain,9Be37npkkAwpwPzjLnDKt6opz5fSuYHriykYXyMeAyad
2022-02-28 23:02:46,TRANSFER,1016.763548144,MNDE,,,,,,536kuJmw4egvmTNAeLSmc4rcqPbbCpsvxgCMjHXpbjm9z2efXsd3872hKM4dihw2ScJM39ZWDWNJ3KbR5mNKqN6p,https://solscan.io/tx/536kuJmw4egvmTNAeLSmc4rcqPbbCpsvxgCMjHXpbjm9z2efXsd3872hKM4dihw2ScJM39ZWDWNJ3KbR5mNKqN6p,solana_blockchain,9Be37npkkAwpwPzjLnDKt6opz5fSuYHriykYXyMeAyad
2022-02-28 23:02:33,TRANSFER,876.184245037,MNDE,,,,,,4wqkFjsRDeNvYsefp5Mv1pSfvBwXXQhVYSieRyWktH1ef4rQ72xjhTBiUa2Ywcw3PagWceqrdBUJQx318mp4wQ6b,https://solscan.io/tx/4wqkFjsRDeNvYsefp5Mv1pSfvBwXXQhVYSieRyWktH1ef4rQ72xjhTBiUa2Ywcw3PagWceqrdBUJQx318mp4wQ6b,solana_blockchain,9Be37npkkAwpwPzjLnDKt6opz5fSuYHriykYXyMeAyad
2022-02-28 23:02:31,TRANSFER,4280.229317,MER,,,,,,4Lfapn9baAbvJ1ebh2UXPMnrrEUWK7AKvSowMp5gZcR9hqqGrCc3AxjiMBe3SmPaEnNuASHYszcPpuzneA1diHLH,https://solscan.io/tx/4Lfapn9baAbvJ1ebh2UXPMnrrEUWK7AKvSowMp5gZcR9hqqGrCc3AxjiMBe3SmPaEnNuASHYszcPpuzneA1diHLH,solana_blockchain,9Be37npkkAwpwPzjLnDKt6opz5fSuYHriykYXyMeAyad
2022-02-28 23:02:31,TRANSFER,4713.151255,MER,,,,,,36U32pTwXCTcLWHoJLEDzV5V1SkYtYFGCPWnNGgDD8UM3cVKqRc7WADoMCoqbEMWqDyHZ3sXuZ7xNM6PGMRQwcyK,https://solscan.io/tx/36U32pTwXCTcLWHoJLEDzV5V1SkYtYFGCPWnNGgDD8UM3cVKqRc7WADoMCoqbEMWqDyHZ3sXuZ7xNM6PGMRQwcyK,solana_blockchain,9Be37npkkAwpwPzjLnDKt6opz5fSuYHriykYXyMeAyad
2022-02-28 23:02:31,TRANSFER,876.701537018,MNDE,,,,,,2vkM292HwRuaFGi4GH1eYHQWy1CXsmYCfPME5LhA91jbSV4JG4HwkZEBHLsV4czyS79bmgNbWGAYoMgAKizZB59x,https://solscan.io/tx/2vkM292HwRuaFGi4GH1eYHQWy1CXsmYCfPME5LhA91jbSV4JG4HwkZEBHLsV4czyS79bmgNbWGAYoMgAKizZB59x,solana_blockchain,9Be37npkkAwpwPzjLnDKt6opz5fSuYHriykYXyMeAyad
2022-02-28 23:02:31,TRANSFER,4278.813233,MER,,,,,,4CqwRvfWLuUqP6QFjQhr6bDZwHZQyi6E4cATZu54KMBSLsZgd8tzFDriEgur8ZAAmW42FmeReynPC64o9ufrRUWN,https://solscan.io/tx/4CqwRvfWLuUqP6QFjQhr6bDZwHZQyi6E4cATZu54KMBSLsZgd8tzFDriEgur8ZAAmW42FmeReynPC64o9ufrRUWN,solana_blockchain,9Be37npkkAwpwPzjLnDKt6opz5fSuYHriykYXyMeAyad
2022-02-28 23:02:20,TRANSFER,4930.804614,MER,,,,,,3H1Qh3jwi44janBGmD1Qubha7nd1wjYHkNYaRiatoWBLhukZUCHyyeaXtnUHeTX8EFXR3ni19pVZ8fDrX9gyw2ME,https://solscan.io/tx/3H1Qh3jwi44janBGmD1Qubha7nd1wjYHkNYaRiatoWBLhukZUCHyyeaXtnUHeTX8EFXR3ni19pVZ8fDrX9gyw2ME,solana_blockchain,9Be37npkkAwpwPzjLnDKt6opz5fSuYHriykYXyMeAyad
2022-02-28 23:02:18,TRANSFER,1012.098919479,MNDE,,,,,,3fEWB7KGDEAfBJwNyddkeLiRZ8sULD3nUDJ28z5stw7EhU98B4vth39gCKBe4PQLYrxcY4F5D4g2652WEoofd4NT,https://solscan.io/tx/3fEWB7KGDEAfBJwNyddkeLiRZ8sULD3nUDJ28z5stw7EhU98B4vth39gCKBe4PQLYrxcY4F5D4g2652WEoofd4NT,solana_blockchain,9Be37npkkAwpwPzjLnDKt6opz5fSuYHriykYXyMeAyad
2022-02-28 23:02:18,TRANSFER,1009.956164008,MNDE,,,,,,wqR7KfNJLqa8hMDFFL2cwrZXhCuvAc7qEmaLuAky4u9MhXWuxQQUmSMxgwjZiqZj83McWuMJPxt9D1WXpQeLVfL,https://solscan.io/tx/wqR7KfNJLqa8hMDFFL2cwrZXhCuvAc7qEmaLuAky4u9MhXWuxQQUmSMxgwjZiqZj83McWuMJPxt9D1WXpQeLVfL,solana_blockchain,9Be37npkkAwpwPzjLnDKt6opz5fSuYHriykYXyMeAyad
2022-02-28 23:02:17,TRANSFER,4941.265967,MER,,,,,,t7cpjLVThykVd4DFWF7YYxCxEDzYPhgRdTif6JFvTbjuxAc8SyVfn9KgZw564fnpBfNsNyazebAtrTBLQ3qpt15,https://solscan.io/tx/t7cpjLVThykVd4DFWF7YYxCxEDzYPhgRdTif6JFvTbjuxAc8SyVfn9KgZw564fnpBfNsNyazebAtrTBLQ3qpt15,solana_blockchain,9Be37npkkAwpwPzjLnDKt6opz5fSuYHriykYXyMeAyad
2022-02-28 23:02:16,TRANSFER,1012.632577891,MNDE,,,,,,51zFfZFe65L3HYCRraBTifAHPAQA8UiuqP3r56X5Hw8DqSWeK1M6vkLJ3rUiFjrZT8cPWbReoj16MKwv6NFUnvdt,https://solscan.io/tx/51zFfZFe65L3HYCRraBTifAHPAQA8UiuqP3r56X5Hw8DqSWeK1M6vkLJ3rUiFjrZT8cPWbReoj16MKwv6NFUnvdt,solana_blockchain,9Be37npkkAwpwPzjLnDKt6opz5fSuYHriykYXyMeAyad
2022-02-28 23:02:05,TRANSFER,4407.305231,MER,,,,,,4jucBKHQfwRYpbj89zixfjFGJWkB5CGof1pZ5qxiPp7aRC9A9w1w8R7HxRCHstbzpUaDZn1V5Cn32R2SZyWU1gbD,https://solscan.io/tx/4jucBKHQfwRYpbj89zixfjFGJWkB5CGof1pZ5qxiPp7aRC9A9w1w8R7HxRCHstbzpUaDZn1V5Cn32R2SZyWU1gbD,solana_blockchain,9Be37npkkAwpwPzjLnDKt6opz5fSuYHriykYXyMeAyad
2022-02-28 23:02:03,TRANSFER,1013.444444333,MNDE,,,,,,4UYWzKwDVwxLbN9DEsLKyjHnRbCddaJtzaYbGmFpbqoA7JjWht1jX5VvGseSbQBzcw1TMgrHkpXu2wUFW4HPzUay,https://solscan.io/tx/4UYWzKwDVwxLbN9DEsLKyjHnRbCddaJtzaYbGmFpbqoA7JjWht1jX5VvGseSbQBzcw1TMgrHkpXu2wUFW4HPzUay,solana_blockchain,9Be37npkkAwpwPzjLnDKt6opz5fSuYHriykYXyMeAyad
2022-02-28 23:02:02,TRANSFER,984.796327398,MNDE,,,,,,5k6UTJXYdPwQMyBuhHPw5i9UTdWX8KcQep6GL1bTvLLKkqYsdFGJTLgs2LWkKq6GzDaeo7S7sz2gmsKzSnRgBZtw,https://solscan.io/tx/5k6UTJXYdPwQMyBuhHPw5i9UTdWX8KcQep6GL1bTvLLKkqYsdFGJTLgs2LWkKq6GzDaeo7S7sz2gmsKzSnRgBZtw,solana_blockchain,9Be37npkkAwpwPzjLnDKt6opz5fSuYHriykYXyMeAyad
2022-02-28 23:02:02,TRANSFER,1002.583420504,MNDE,,,,,,a4FFYVSHzomoVAZMCDDtW4rKshmRLmvBipN6JTF3tLWsNhoutab82EaU1XVoBPq8EEKvge8D6cJKRwiuyEQsB2D,https://solscan.io/tx/a4FFYVSHzomoVAZMCDDtW4rKshmRLmvBipN6JTF3tLWsNhoutab82EaU1XVoBPq8EEKvge8D6cJKRwiuyEQsB2D,solana_blockchain,9Be37npkkAwpwPzjLnDKt6opz5fSuYHriykYXyMeAyad
2022-02-28 23:02:02,TRANSFER,984.734122638,MNDE,,,,,,4b8g8ihAnkiSN676AszLr42fiPQq3HBBZ5nXf8gAoXYnb4nyESmGtb3oV7M92RCPx5inCeaCe1sDaCwQEeuwUFKj,https://solscan.io/tx/4b8g8ihAnkiSN676AszLr42fiPQq3HBBZ5nXf8gAoXYnb4nyESmGtb3oV7M92RCPx5inCeaCe1sDaCwQEeuwUFKj,solana_blockchain,9Be37npkkAwpwPzjLnDKt6opz5fSuYHriykYXyMeAyad
2022-02-28 23:01:58,TRANSFER,984.853780251,MNDE,,,,,,3GbgqFhasMVfWCD5wV51unawBmNs5ysQoqhFJo2EDDuFd8LNFy5TCTzBjT5sZdzaEep4DDuVABqBuRrtjA8n188A,https://solscan.io/tx/3GbgqFhasMVfWCD5wV51unawBmNs5ysQoqhFJo2EDDuFd8LNFy5TCTzBjT5sZdzaEep4DDuVABqBuRrtjA8n188A,solana_blockchain,9Be37npkkAwpwPzjLnDKt6opz5fSuYHriykYXyMeAyad
2022-02-28 23:01:45,TRANSFER,4395.264326,MER,,,,,,5efeUbaSyLYWx5eB1R4BeSZQNHSeDQ7WaPZbLMdeztUri8vbh38tKYG5pWbr1rK5KYrKhqaDKED1XvwwDNrv4MMB,https://solscan.io/tx/5efeUbaSyLYWx5eB1R4BeSZQNHSeDQ7WaPZbLMdeztUri8vbh38tKYG5pWbr1rK5KYrKhqaDKED1XvwwDNrv4MMB,solana_blockchain,9Be37npkkAwpwPzjLnDKt6opz5fSuYHriykYXyMeAyad
2022-02-28 23:01:45,TRANSFER,981.932938579,MNDE,,,,,,5hdAZ4iBzbaLA9avXfw6kAqokf7jBEcviJJGvwPxi8Lc3hMQdJS2KrUh2Jnk7CfshVjkHnwo2u9YwuDxsqtDyq9L,https://solscan.io/tx/5hdAZ4iBzbaLA9avXfw6kAqokf7jBEcviJJGvwPxi8Lc3hMQdJS2KrUh2Jnk7CfshVjkHnwo2u9YwuDxsqtDyq9L,solana_blockchain,9Be37npkkAwpwPzjLnDKt6opz5fSuYHriykYXyMeAyad
2022-02-28 23:01:45,TRANSFER,984.807260452,MNDE,,,,,,5qzCpG2PwwkK12aLy69zA3dGfLh8tPB3K7qY76XaNtcAAc9WBDfb5jLDmemswLgKQ751QZp7Y6Fy5N7AzAH2yJqo,https://solscan.io/tx/5qzCpG2PwwkK12aLy69zA3dGfLh8tPB3K7qY76XaNtcAAc9WBDfb5jLDmemswLgKQ751QZp7Y6Fy5N7AzAH2yJqo,solana_blockchain,9Be37npkkAwpwPzjLnDKt6opz5fSuYHriykYXyMeAyad
2022-02-28 23:00:03,TRANSFER,3526.375472,MER,,,,,,3PB3o316eW2Eq5H4xcBMadeTaPigiYvjh2bVuUf2JEHkdcLZ1ozDD2qgiWaGDdnA7WzVQB2ajd9ivLtE8FjycL5x,https://solscan.io/tx/3PB3o316eW2Eq5H4xcBMadeTaPigiYvjh2bVuUf2JEHkdcLZ1ozDD2qgiWaGDdnA7WzVQB2ajd9ivLtE8FjycL5x,solana_blockchain,9Be37npkkAwpwPzjLnDKt6opz5fSuYHriykYXyMeAyad
2022-02-28 23:00:03,TRANSFER,4278.775933,MER,,,,,,6iA4JcinxY2UgTJAvZMpsYoWxW2DnuKuFkPd7se1o1jGjWCe92vqPF22mNXGTHQ1xea3V5fGr1tJHyiFTnhrEsQ,https://solscan.io/tx/6iA4JcinxY2UgTJAvZMpsYoWxW2DnuKuFkPd7se1o1jGjWCe92vqPF22mNXGTHQ1xea3V5fGr1tJHyiFTnhrEsQ,solana_blockchain,9Be37npkkAwpwPzjLnDKt6opz5fSuYHriykYXyMeAyad
2022-02-28 23:00:02,TRANSFER,4277.931141,MER,,,,,,5wdyYK5WJS6e5TZQAHPnzMwEy8pUuDXCoX3EUqoHvFqQ3LkRs91QZLtEL9qzUgUsmSMoaJmj2rP1WfYVUtpjmoGC,https://solscan.io/tx/5wdyYK5WJS6e5TZQAHPnzMwEy8pUuDXCoX3EUqoHvFqQ3LkRs91QZLtEL9qzUgUsmSMoaJmj2rP1WfYVUtpjmoGC,solana_blockchain,9Be37npkkAwpwPzjLnDKt6opz5fSuYHriykYXyMeAyad
2022-02-28 23:00:02,TRANSFER,1472.57632429,MNDE,,,,,,4dTTjp355SybUscvKKVm5fCoVY58p8mU3QiMyaLybHHxae5HFeDMpUmAJrAFhCw388HNK9LyPqeGvXbKsFc6fMjH,https://solscan.io/tx/4dTTjp355SybUscvKKVm5fCoVY58p8mU3QiMyaLybHHxae5HFeDMpUmAJrAFhCw388HNK9LyPqeGvXbKsFc6fMjH,solana_blockchain,9Be37npkkAwpwPzjLnDKt6opz5fSuYHriykYXyMeAyad
2022-02-28 23:00:02,TRANSFER,3524.216693,MER,,,,,,46UnJwtf8tiPEsCj1rt5MWU1fsqMCfqGhgHwosetCt2VkPGL8KUGQCmLj44SFuSZxY1fYnSo4SF6QpPyDGbvqqa4,https://solscan.io/tx/46UnJwtf8tiPEsCj1rt5MWU1fsqMCfqGhgHwosetCt2VkPGL8KUGQCmLj44SFuSZxY1fYnSo4SF6QpPyDGbvqqa4,solana_blockchain,9Be37npkkAwpwPzjLnDKt6opz5fSuYHriykYXyMeAyad
2022-02-28 23:00:02,TRANSFER,876.40384619,MNDE,,,,,,4g1ZLN38QYmW9S1vW4GDAcSPNCjJWHEQDMPxbw6mGfPz74EZtB8LwDwcuk8NFV3rSHHixgH7q9kJVpKaR2tgSbDE,https://solscan.io/tx/4g1ZLN38QYmW9S1vW4GDAcSPNCjJWHEQDMPxbw6mGfPz74EZtB8LwDwcuk8NFV3rSHHixgH7q9kJVpKaR2tgSbDE,solana_blockchain,9Be37npkkAwpwPzjLnDKt6opz5fSuYHriykYXyMeAyad
2022-02-28 23:00:02,TRANSFER,875.13087572,MNDE,,,,,,4GtVMaF323F4CppxgGBsW9xWCVrRQEz9UnsssZLwwqoZTTEagxzawHigEPtux5bynCToG17GrMvXd9D3PLzTJ9QC,https://solscan.io/tx/4GtVMaF323F4CppxgGBsW9xWCVrRQEz9UnsssZLwwqoZTTEagxzawHigEPtux5bynCToG17GrMvXd9D3PLzTJ9QC,solana_blockchain,9Be37npkkAwpwPzjLnDKt6opz5fSuYHriykYXyMeAyad
2022-02-28 23:00:01,TRANSFER,4931.253092,MER,,,,,,3cU7qPNYWkt69JRZakdr2ppKngYHfzWeuTAvew4FAmZ1RofmdjpG6xjdrQ37VrG6a7NaQ8QiCRVjTiWtecUxEQvv,https://solscan.io/tx/3cU7qPNYWkt69JRZakdr2ppKngYHfzWeuTAvew4FAmZ1RofmdjpG6xjdrQ37VrG6a7NaQ8QiCRVjTiWtecUxEQvv,solana_blockchain,9Be37npkkAwpwPzjLnDKt6opz5fSuYHriykYXyMeAyad
2022-02-28 23:00:00,TRANSFER,4944.800661,MER,,,,,,2UCNRvVXHyv5Y5tZSVmCv526JudtHVfyfcz9JRKDs7bo51gGBJcb1quMwADKy387LZQxwtmYq8f881nYhLQxKYru,https://solscan.io/tx/2UCNRvVXHyv5Y5tZSVmCv526JudtHVfyfcz9JRKDs7bo51gGBJcb1quMwADKy387LZQxwtmYq8f881nYhLQxKYru,solana_blockchain,9Be37npkkAwpwPzjLnDKt6opz5fSuYHriykYXyMeAyad
2022-02-28 23:00:00,TRANSFER,1010.048023937,MNDE,,,,,,35b73U4GNWEHHcUmvzABn2rEpNiKYAxPR1HM7Q3xNQvjXuAfT8VkgYRdWFzn1m93iJha2LpCH9HtzDptBA3Zs2aZ,https://solscan.io/tx/35b73U4GNWEHHcUmvzABn2rEpNiKYAxPR1HM7Q3xNQvjXuAfT8VkgYRdWFzn1m93iJha2LpCH9HtzDptBA3Zs2aZ,solana_blockchain,9Be37npkkAwpwPzjLnDKt6opz5fSuYHriykYXyMeAyad
2022-02-28 23:00:00,TRANSFER,1015.097673727,MNDE,,,,,,2o1589c21adNQM74eZ6WDZPiuZyz6ue93wagEFJX9JE3eRZnfSwK6X7Vzt5jfjZo4HZWMCwESUyVLjGLjDEQXgUg,https://solscan.io/tx/2o1589c21adNQM74eZ6WDZPiuZyz6ue93wagEFJX9JE3eRZnfSwK6X7Vzt5jfjZo4HZWMCwESUyVLjGLjDEQXgUg,solana_blockchain,9Be37npkkAwpwPzjLnDKt6opz5fSuYHriykYXyMeAyad
2022-02-28 23:00:00,TRANSFER,4955.906475,MER,,,,,,2bQPmgmDcZMRvU3drDPG9iNz8sxChpCNbPG9pLxBRw9aGFg3ej7SC8Z9V9335QrNJ1hGaK1iYvWU4Ao8h5kfML9d,https://solscan.io/tx/2bQPmgmDcZMRvU3drDPG9iNz8sxChpCNbPG9pLxBRw9aGFg3ej7SC8Z9V9335QrNJ1hGaK1iYvWU4Ao8h5kfML9d,solana_blockchain,9Be37npkkAwpwPzjLnDKt6opz5fSuYHriykYXyMeAyad
2022-02-28 22:59:59,TRANSFER,4947.835084,MER,,,,,,5kNnzrnRZPQNHu1qe4Jh3BwqFdKKuKXdF9mUhTUZ3FCRRCpvuFNSP3dV8K2z2XvnNhXARz8j8LAxRRp2WyhknNbp,https://solscan.io/tx/5kNnzrnRZPQNHu1qe4Jh3BwqFdKKuKXdF9mUhTUZ3FCRRCpvuFNSP3dV8K2z2XvnNhXARz8j8LAxRRp2WyhknNbp,solana_blockchain,9Be37npkkAwpwPzjLnDKt6opz5fSuYHriykYXyMeAyad
2022-02-28 22:59:58,TRANSFER,4946.742988,MER,,,,,,2ppqVhqdnJCBmBQUt687ZmJ6BYYiHs1QyrKTpR12RHHn5GVUZcoXBXPirEe91o9U2rhziLTHH6Tp3rVUpyT8EKKz,https://solscan.io/tx/2ppqVhqdnJCBmBQUt687ZmJ6BYYiHs1QyrKTpR12RHHn5GVUZcoXBXPirEe91o9U2rhziLTHH6Tp3rVUpyT8EKKz,solana_blockchain,9Be37npkkAwpwPzjLnDKt6opz5fSuYHriykYXyMeAyad
2022-02-28 22:59:57,TRANSFER,4373.447027,MER,,,,,,4KYKjGLGiEzCVSG6aawe3qt85EynsAsZb5KAg5wNBaHS2Nxaj6PCmSMjJNbx6QX56uggfH9RgLFHiPiWwfPd9pWQ,https://solscan.io/tx/4KYKjGLGiEzCVSG6aawe3qt85EynsAsZb5KAg5wNBaHS2Nxaj6PCmSMjJNbx6QX56uggfH9RgLFHiPiWwfPd9pWQ,solana_blockchain,9Be37npkkAwpwPzjLnDKt6opz5fSuYHriykYXyMeAyad
